-- phpMyAdmin SQL Dump
-- version 5.2.1
-- https://www.phpmyadmin.net/
--
-- Host: 127.0.0.1
-- Generation Time: Jul 17, 2025 at 06:07 AM
-- Server version: 10.4.32-MariaDB
-- PHP Version: 8.2.12

SET SQL_MODE = "NO_AUTO_VALUE_ON_ZERO";
START TRANSACTION;
SET time_zone = "+00:00";


/*!40101 SET @OLD_CHARACTER_SET_CLIENT=@@CHARACTER_SET_CLIENT */;
/*!40101 SET @OLD_CHARACTER_SET_RESULTS=@@CHARACTER_SET_RESULTS */;
/*!40101 SET @OLD_COLLATION_CONNECTION=@@COLLATION_CONNECTION */;
/*!40101 SET NAMES utf8mb4 */;

--
-- Database: `db_ims`
--

-- --------------------------------------------------------

--
-- Table structure for table `tbl_auditlog`
--

CREATE TABLE `tbl_auditlog` (
  `auditlog_id` int(25) NOT NULL,
  `auditlog_empname` varchar(255) NOT NULL,
  `auditlog_action` varchar(255) NOT NULL,
  `auditlog_dateandtime` varchar(255) NOT NULL
) ENGINE=InnoDB DEFAULT CHARSET=utf8mb4 COLLATE=utf8mb4_general_ci;

--
-- Dumping data for table `tbl_auditlog`
--

INSERT INTO `tbl_auditlog` (`auditlog_id`, `auditlog_empname`, `auditlog_action`, `auditlog_dateandtime`) VALUES
(1, 'Admin', 'Clicked Inventory Dropdown Side Nav', '2025-05-06 11:07:43'),
(2, 'Admin', 'Clicked Inventory List Side Nav', '2025-05-06 11:07:44'),
(3, 'Admin', 'Clicked User Management Side Nav', '2025-05-06 11:17:12'),
(4, 'Admin', 'Clicked Inventory Dropdown Side Nav', '2025-05-06 11:17:13'),
(5, 'Admin', 'Clicked Inventory List Side Nav', '2025-05-06 11:17:14'),
(6, 'Admin', 'Clicked User Management Side Nav', '2025-05-06 11:19:06'),
(7, 'Admin', 'Clicked Inventory Dropdown Side Nav', '2025-05-06 11:19:07'),
(8, 'Admin', 'Clicked Inventory List Side Nav', '2025-05-06 11:19:08'),
(9, 'Admin', 'Clicked Inventory Dropdown Side Nav', '2025-05-06 11:41:44'),
(10, 'Admin', 'Clicked Inventory List Side Nav', '2025-05-06 11:41:45'),
(11, 'Admin', 'Clicked Dashboard Side Nav', '2025-05-06 11:58:10'),
(12, 'Admin', 'Clicked Inventory Dropdown Side Nav', '2025-05-06 11:59:48'),
(13, 'Admin', 'Clicked Inventory List Side Nav', '2025-05-06 11:59:50'),
(14, 'Admin', 'Clicked Inventory Dropdown Side Nav', '2025-05-06 12:43:14'),
(15, 'Admin', 'Clicked Inventory List Side Nav', '2025-05-06 12:43:15'),
(16, 'Admin', 'Clicked Inventory Dropdown Side Nav', '2025-05-06 12:48:19'),
(17, 'Admin', 'Clicked Inventory List Side Nav', '2025-05-06 12:48:20'),
(18, 'Admin', 'Clicked User Management Side Nav', '2025-05-06 12:59:57'),
(19, 'Admin', 'Clicked Inventory Dropdown Side Nav', '2025-05-06 12:59:58'),
(20, 'Admin', 'Clicked Inventory List Side Nav', '2025-05-06 12:59:59'),
(21, 'Admin', 'Clicked Request Equipment Side Nav', '2025-05-06 13:00:00'),
(22, 'Admin', 'Clicked Inventory Dropdown Side Nav', '2025-05-06 13:01:19'),
(23, 'Admin', 'Clicked Request Equipment Side Nav', '2025-05-06 13:01:21'),
(24, 'Admin', 'Clicked Inventory List Side Nav', '2025-05-06 13:01:22'),
(25, 'Admin', 'Clicked Request Equipment Side Nav', '2025-05-06 13:01:23'),
(26, 'Admin', 'Clicked manual add option', '2025-05-06 13:03:23'),
(27, 'Admin', 'Clicked manual add option', '2025-05-06 13:04:46'),
(28, 'Admin', 'Clicked Inventory Dropdown Side Nav', '2025-05-06 13:04:51'),
(29, 'Admin', 'Clicked Request Equipment Side Nav', '2025-05-06 13:04:52'),
(30, 'Admin', 'Clicked Inventory List Side Nav', '2025-05-06 13:04:55'),
(31, 'Admin', 'Clicked Request Equipment Side Nav', '2025-05-06 13:07:11'),
(32, 'Admin', 'Clicked Inventory List Side Nav', '2025-05-06 13:07:12'),
(33, 'Admin', 'Clicked Inventory List Side Nav', '2025-05-06 13:27:18'),
(34, 'Admin', 'Clicked Inventory Dropdown Side Nav', '2025-05-06 14:54:14'),
(35, 'Admin', 'Clicked Inventory List Side Nav', '2025-05-06 14:54:15'),
(36, 'Admin', 'Clicked Inventory Dropdown Side Nav', '2025-05-06 15:33:19'),
(37, 'Admin', 'Clicked Inventory List Side Nav', '2025-05-06 15:33:21'),
(38, 'Admin', 'Clicked Inventory Dropdown Side Nav', '2025-05-06 15:55:42'),
(39, 'Admin', 'Clicked Inventory List Side Nav', '2025-05-06 15:55:43'),
(40, 'Admin', 'Clicked Dashboard Side Nav', '2025-05-06 17:56:26'),
(41, 'Admin', 'Clicked Inventory Dropdown Side Nav', '2025-05-06 17:58:50'),
(42, 'Admin', 'Clicked Inventory List Side Nav', '2025-05-06 17:58:51'),
(43, 'Admin', 'Clicked Inventory Dropdown Side Nav', '2025-05-07 12:27:35'),
(44, 'Admin', 'Clicked Inventory List Side Nav', '2025-05-07 12:27:36'),
(45, 'Admin', 'Clicked Inventory Dropdown Side Nav', '2025-05-07 12:28:28'),
(46, 'Admin', 'Clicked Inventory List Side Nav', '2025-05-07 12:28:29'),
(47, 'Admin', 'Clicked User Management Side Nav', '2025-05-08 13:20:51'),
(48, 'Admin', 'Clicked Inventory Dropdown Side Nav', '2025-05-08 13:20:54'),
(49, 'Admin', 'Clicked Inventory List Side Nav', '2025-05-08 13:20:55'),
(50, 'Admin', 'Clicked Inventory Dropdown Side Nav', '2025-05-08 16:10:22'),
(51, 'Admin', 'Clicked Request Equipment Side Nav', '2025-05-08 16:13:54'),
(52, 'Admin', 'Clicked Inventory List Side Nav', '2025-05-08 16:13:56'),
(53, 'Admin', 'Clicked Inventory Dropdown Side Nav', '2025-05-08 17:09:43'),
(54, 'Admin', 'Clicked Inventory List Side Nav', '2025-05-08 17:10:06'),
(55, 'Admin', 'Clicked Inventory Dropdown Side Nav', '2025-05-08 17:15:04'),
(56, 'Admin', 'Clicked Request Equipment Side Nav', '2025-05-08 17:19:21'),
(57, 'Admin', 'Clicked Inventory Dropdown Side Nav', '2025-05-09 08:52:14'),
(58, 'Admin', 'Clicked Inventory List Side Nav', '2025-05-09 08:52:15'),
(59, 'Admin', 'Clicked Dashboard Side Nav', '2025-05-09 13:00:55'),
(60, 'Admin', 'Clicked Inventory Dropdown Side Nav', '2025-05-09 14:07:01'),
(61, 'Admin', 'Clicked Inventory List Side Nav', '2025-05-09 14:07:02'),
(62, 'Admin', 'Clicked Inventory Dropdown Side Nav', '2025-05-09 14:07:23'),
(63, 'Admin', 'Clicked Inventory List Side Nav', '2025-05-09 14:07:23'),
(64, 'Admin', 'Clicked User Management Side Nav', '2025-05-09 15:24:00'),
(65, 'Admin', 'Clicked Inventory Dropdown Side Nav', '2025-05-09 15:24:00'),
(66, 'Admin', 'Clicked Inventory List Side Nav', '2025-05-09 15:24:01'),
(67, 'Admin', 'Clicked User Management Side Nav', '2025-05-09 15:25:10'),
(68, 'Admin', 'Clicked Inventory Dropdown Side Nav', '2025-05-09 15:25:11'),
(69, 'Admin', 'Clicked Inventory List Side Nav', '2025-05-09 15:25:12'),
(70, 'Admin', 'Clicked Inventory Dropdown Side Nav', '2025-05-09 15:33:19'),
(71, 'Admin', 'Clicked Inventory List Side Nav', '2025-05-09 15:33:21'),
(72, 'Admin', 'Clicked User Management Side Nav', '2025-05-13 08:49:26'),
(73, 'Admin', 'Clicked Inventory Dropdown Side Nav', '2025-05-13 08:49:28'),
(74, 'Admin', 'Clicked Request Equipment Side Nav', '2025-05-13 08:49:29'),
(75, 'Admin', 'Clicked Inventory List Side Nav', '2025-05-13 08:49:30'),
(76, 'Admin', 'Clicked Request Equipment Side Nav', '2025-05-13 09:14:40'),
(77, 'Admin', 'Clicked Request Equipment Side Nav', '2025-05-13 09:14:43'),
(78, 'Admin', 'Clicked Inventory List Side Nav', '2025-05-13 09:16:24'),
(79, 'Admin', 'Clicked Inventory List Side Nav', '2025-05-13 09:16:42'),
(80, 'Admin', 'Clicked Request Equipment Side Nav', '2025-05-13 09:16:46'),
(81, 'Admin', 'Clicked Inventory List Side Nav', '2025-05-13 09:16:47'),
(82, 'Admin', 'Clicked Inventory Dropdown Side Nav', '2025-05-13 09:27:52'),
(83, 'Admin', 'Clicked Inventory List Side Nav', '2025-05-13 09:27:53'),
(84, 'Admin', 'Clicked Inventory Dropdown Side Nav', '2025-05-13 09:40:21'),
(85, 'Admin', 'Clicked Inventory List Side Nav', '2025-05-13 09:40:25'),
(86, 'Admin', 'Clicked Inventory Dropdown Side Nav', '2025-05-13 11:29:02'),
(87, 'Admin', 'Clicked Inventory List Side Nav', '2025-05-13 11:29:03'),
(88, 'Admin', 'Clicked Inventory Dropdown Side Nav', '2025-05-13 11:32:12'),
(89, 'Admin', 'Clicked Inventory List Side Nav', '2025-05-13 11:32:16'),
(90, 'Admin', 'Clicked Inventory List Side Nav', '2025-05-13 11:43:47'),
(91, 'Admin', 'Clicked Inventory List Side Nav', '2025-05-13 11:44:58'),
(92, 'Admin', 'Clicked Inventory List Side Nav', '2025-05-13 13:17:44'),
(93, 'Admin', 'Clicked Pending Request card', '2025-05-14 08:13:38'),
(94, 'Admin', 'Clicked Dashboard Side Nav', '2025-05-14 08:13:41'),
(95, 'Admin', 'Clicked Available Equipment card', '2025-05-14 08:13:42'),
(96, 'Admin', 'Clicked Dashboard Side Nav', '2025-05-14 08:13:44'),
(97, 'Admin', 'Clicked Total Equipment card', '2025-05-14 08:13:44'),
(98, 'Admin', 'Clicked Inventory Dropdown Side Nav', '2025-05-14 08:13:51'),
(99, 'Admin', 'Clicked Inventory List Side Nav', '2025-05-14 08:13:53'),
(100, 'Admin', 'Clicked Dashboard Side Nav', '2025-05-14 08:13:57'),
(101, 'Admin', 'Clicked Inventory List Side Nav', '2025-05-14 08:14:23'),
(102, 'Admin', 'Clicked Inventory Dropdown Side Nav', '2025-05-15 14:20:23'),
(103, 'Admin', 'Clicked Equipment Pie Chart card', '2025-05-15 14:20:25'),
(104, 'Admin', 'Clicked Equipment Pie Chart card', '2025-05-15 14:20:26'),
(105, 'Admin', 'Clicked Equipment Pie Chart card', '2025-05-15 14:20:28'),
(106, 'Admin', 'Clicked Equipment Pie Chart card', '2025-05-15 14:20:29'),
(107, 'Admin', 'Clicked Equipment Pie Chart card', '2025-05-15 14:20:30'),
(108, 'Admin', 'Clicked Equipment Pie Chart card', '2025-05-15 14:20:31'),
(109, 'Admin', 'Clicked Inventory List Side Nav', '2025-05-15 14:20:37'),
(110, 'Admin', 'Clicked Dashboard Side Nav', '2025-05-16 08:13:27'),
(111, 'Admin', 'Clicked Inventory Dropdown Side Nav', '2025-05-16 08:13:33'),
(112, 'Admin', 'Clicked Inventory List Side Nav', '2025-05-16 08:13:34'),
(113, 'Admin', 'Clicked Inventory List Side Nav', '2025-05-16 08:24:21'),
(114, 'Admin', 'Clicked Inventory List Side Nav', '2025-05-16 08:24:27'),
(115, 'Admin', 'Clicked Request Equipment Side Nav', '2025-05-16 08:24:27'),
(116, 'Admin', 'Clicked search item option', '2025-05-16 08:24:29'),
(117, 'Admin', 'Clicked Inventory List Side Nav', '2025-05-16 08:37:20'),
(118, 'Admin', 'Clicked Dashboard Side Nav', '2025-05-16 08:46:39'),
(119, 'Admin', 'Clicked Inventory Dropdown Side Nav', '2025-05-16 11:22:02'),
(120, 'Admin', 'Clicked Inventory List Side Nav', '2025-05-16 11:22:03'),
(121, 'Admin', 'Clicked Dashboard Side Nav', '2025-05-16 15:58:34'),
(122, 'Admin', 'Clicked Equipment Pie Chart card', '2025-05-16 16:05:32'),
(123, 'Admin', 'Clicked Equipment Pie Chart card', '2025-05-16 16:05:33'),
(124, 'Admin', 'Clicked Equipment Pie Chart card', '2025-05-16 16:05:54'),
(125, 'Admin', 'Clicked Equipment Pie Chart card', '2025-05-16 16:05:55'),
(126, 'Admin', 'Clicked Equipment Pie Chart card', '2025-05-16 16:05:55'),
(127, 'Admin', 'Clicked Equipment Pie Chart card', '2025-05-16 16:05:56'),
(128, 'Admin', 'Clicked Equipment Pie Chart card', '2025-05-16 16:05:57'),
(129, 'Admin', 'Clicked Inventory Dropdown Side Nav', '2025-05-16 16:06:25'),
(130, 'Admin', 'Clicked Inventory List Side Nav', '2025-05-16 16:06:26'),
(131, 'Admin', 'Clicked Dashboard Side Nav', '2025-05-16 16:23:02'),
(132, 'Admin', 'Clicked Inventory Dropdown Side Nav', '2025-05-16 16:23:41'),
(133, 'Admin', 'Clicked Inventory List Side Nav', '2025-05-16 16:23:41'),
(134, 'Admin', 'Clicked Inventory Dropdown Side Nav', '2025-06-26 16:42:49'),
(135, 'Admin', 'Clicked Inventory Dropdown Side Nav', '2025-06-26 16:42:50'),
(136, 'Admin', 'Clicked Inventory Dropdown Side Nav', '2025-06-26 16:42:51'),
(137, 'Admin', 'Clicked Inventory List Side Nav', '2025-06-26 16:42:52'),
(138, 'Admin', 'Clicked Request Equipment Side Nav', '2025-06-26 16:42:53'),
(139, 'Admin', 'Clicked Request Equipment Side Nav', '2025-06-26 16:42:54'),
(140, 'Admin', 'Clicked Inventory List Side Nav', '2025-06-26 16:42:55'),
(141, 'Admin', 'Clicked Inventory Dropdown Side Nav', '2025-06-26 16:54:41'),
(142, 'Admin', 'Clicked Inventory List Side Nav', '2025-06-26 16:54:41'),
(143, 'Admin', 'Clicked Request Equipment Side Nav', '2025-06-26 16:54:43'),
(144, 'Admin', 'Clicked Request Equipment Side Nav', '2025-06-26 16:54:45'),
(145, 'Admin', 'Clicked Request Equipment Side Nav', '2025-06-26 16:54:50'),
(146, 'Admin', 'Clicked Inventory List Side Nav', '2025-06-26 16:54:51'),
(147, 'Admin', 'Clicked User Management Side Nav', '2025-06-26 16:54:52'),
(148, 'Admin', 'Clicked Inventory Dropdown Side Nav', '2025-07-01 08:06:06'),
(149, 'Admin', 'Clicked Request Equipment Side Nav', '2025-07-01 08:06:09'),
(150, 'Admin', 'Clicked Inventory List Side Nav', '2025-07-01 08:06:25'),
(151, 'Admin', 'Clicked Inventory Dropdown Side Nav', '2025-07-01 08:06:55'),
(152, 'Admin', 'Clicked Inventory Dropdown Side Nav', '2025-07-01 08:07:12'),
(153, 'Admin', 'Clicked Inventory Dropdown Side Nav', '2025-07-01 08:07:19'),
(154, 'Admin', 'Clicked Inventory List Side Nav', '2025-07-01 08:07:20'),
(155, 'Admin', 'Clicked Inventory List Side Nav', '2025-07-01 08:07:21'),
(156, 'Admin', 'Clicked Request Equipment Side Nav', '2025-07-01 08:07:22'),
(157, 'Admin', 'Clicked Request Equipment Side Nav', '2025-07-01 08:07:25'),
(158, 'Admin', 'Clicked Inventory List Side Nav', '2025-07-01 08:07:29'),
(159, 'Admin', 'Clicked Dashboard Side Nav', '2025-07-01 08:16:59'),
(160, 'Admin', 'Clicked Inventory Dropdown Side Nav', '2025-07-01 10:35:18'),
(161, 'Admin', 'Clicked Inventory List Side Nav', '2025-07-01 10:35:21'),
(162, 'Admin', 'Clicked Inventory Dropdown Side Nav', '2025-07-01 11:43:47'),
(163, 'Admin', 'Clicked Inventory List Side Nav', '2025-07-01 11:43:54'),
(164, 'Admin', 'Clicked Inventory Dropdown Side Nav', '2025-07-01 13:27:29'),
(165, 'Admin', 'Clicked Inventory List Side Nav', '2025-07-01 13:27:53'),
(166, 'Admin', 'Clicked Inventory Dropdown Side Nav', '2025-07-01 14:12:48'),
(167, 'Admin', 'Clicked Dashboard Side Nav', '2025-07-01 14:15:39'),
(168, 'Admin', 'Clicked Inventory Dropdown Side Nav', '2025-07-01 14:15:51'),
(169, 'Admin', 'Clicked Inventory List Side Nav', '2025-07-01 14:15:52'),
(170, 'Admin', 'Clicked Request Equipment Side Nav', '2025-07-01 14:15:57'),
(171, 'Admin', 'Clicked Request Equipment Side Nav', '2025-07-01 14:16:02'),
(172, 'Admin', 'Clicked Request Equipment Side Nav', '2025-07-01 14:21:23'),
(173, 'Admin', 'Clicked Inventory Dropdown Side Nav', '2025-07-01 14:21:30'),
(174, 'Admin', 'Clicked Inventory Dropdown Side Nav', '2025-07-01 14:21:30'),
(175, 'Admin', 'Clicked Inventory Dropdown Side Nav', '2025-07-01 14:21:31'),
(176, 'Admin', 'Clicked User Management Side Nav', '2025-07-01 14:21:33'),
(177, 'Admin', 'Clicked Dashboard Side Nav', '2025-07-01 14:21:48'),
(178, 'Admin', 'Clicked Inventory Dropdown Side Nav', '2025-07-01 14:24:33'),
(179, 'Admin', 'Clicked Inventory List Side Nav', '2025-07-01 14:24:34'),
(180, 'Admin', 'Clicked Inventory Dropdown Side Nav', '2025-07-01 15:27:09'),
(181, 'Admin', 'Clicked Inventory List Side Nav', '2025-07-01 15:27:15'),
(182, 'Admin', 'Clicked Inventory Dropdown Side Nav', '2025-07-01 15:30:45'),
(183, 'Admin', 'Clicked Request Equipment Side Nav', '2025-07-01 15:30:46'),
(184, 'Admin', 'Clicked Inventory List Side Nav', '2025-07-01 15:30:46'),
(185, 'Admin', 'Clicked Inventory Dropdown Side Nav', '2025-07-01 15:50:21'),
(186, 'Admin', 'Clicked Inventory Dropdown Side Nav', '2025-07-01 15:50:21'),
(187, 'Admin', 'Clicked Inventory Dropdown Side Nav', '2025-07-01 15:50:22'),
(188, 'Admin', 'Clicked Inventory List Side Nav', '2025-07-01 15:50:24'),
(189, 'Admin', 'Clicked Inventory Dropdown Side Nav', '2025-07-01 16:26:58'),
(190, 'Admin', 'Clicked Inventory Dropdown Side Nav', '2025-07-01 16:27:06'),
(191, 'Admin', 'Clicked Inventory Dropdown Side Nav', '2025-07-01 16:31:16'),
(192, 'Admin', 'Clicked Inventory Dropdown Side Nav', '2025-07-01 16:31:19'),
(193, 'Admin', 'Clicked Inventory Dropdown Side Nav', '2025-07-01 16:31:20'),
(194, 'Admin', 'Clicked Inventory List Side Nav', '2025-07-01 16:31:22'),
(195, 'Admin', 'Clicked Inventory Dropdown Side Nav', '2025-07-01 16:32:40'),
(196, 'Admin', 'Clicked Inventory Dropdown Side Nav', '2025-07-01 16:32:41'),
(197, 'Admin', 'Clicked User Management Side Nav', '2025-07-01 16:33:12'),
(198, 'Admin', 'Clicked Inventory Dropdown Side Nav', '2025-07-01 16:33:13'),
(199, 'Admin', 'Clicked Inventory List Side Nav', '2025-07-01 16:33:14'),
(200, 'Admin', 'Clicked Inventory Dropdown Side Nav', '2025-07-01 16:52:21'),
(201, 'Admin', 'Clicked Inventory List Side Nav', '2025-07-01 16:52:22'),
(202, 'Admin', 'Clicked Inventory Dropdown Side Nav', '2025-07-02 08:11:47'),
(203, 'Admin', 'Clicked Inventory List Side Nav', '2025-07-02 08:11:48'),
(204, 'Admin', 'Clicked Inventory Dropdown Side Nav', '2025-07-02 09:03:47'),
(205, 'Admin', 'Clicked Inventory List Side Nav', '2025-07-02 09:03:48'),
(206, 'Admin', 'Clicked Inventory List Side Nav', '2025-07-02 09:04:00'),
(207, 'Admin', 'Clicked Inventory Dropdown Side Nav', '2025-07-02 09:31:00'),
(208, 'Admin', 'Clicked Request Equipment Side Nav', '2025-07-02 09:31:19'),
(209, 'Admin', 'Clicked search item option', '2025-07-02 09:31:28'),
(210, 'Admin', 'Clicked Inventory List Side Nav', '2025-07-02 09:31:35'),
(211, 'Admin', 'Clicked Request Equipment Side Nav', '2025-07-02 09:31:44'),
(212, 'Admin', 'Clicked Inventory Dropdown Side Nav', '2025-07-02 14:03:50'),
(213, 'Admin', 'Clicked Inventory List Side Nav', '2025-07-02 14:03:51'),
(214, 'Admin', 'Clicked Inventory Dropdown Side Nav', '2025-07-02 16:37:07'),
(215, 'Admin', 'Clicked Request Equipment Side Nav', '2025-07-02 16:37:15'),
(216, 'Admin', 'Clicked Request Equipment Side Nav', '2025-07-02 16:37:17'),
(217, 'Admin', 'Clicked Request Equipment Side Nav', '2025-07-02 16:37:41'),
(218, 'Admin', 'Clicked Inventory List Side Nav', '2025-07-02 16:37:44'),
(219, 'Admin', 'Clicked Inventory Dropdown Side Nav', '2025-07-02 16:37:55'),
(220, 'Admin', 'Clicked Inventory List Side Nav', '2025-07-02 16:37:56'),
(221, 'Admin', 'Clicked User Management Side Nav', '2025-07-03 08:25:40'),
(222, 'Admin', 'Clicked Inventory Dropdown Side Nav', '2025-07-03 08:25:46'),
(223, 'Admin', 'Clicked Inventory Dropdown Side Nav', '2025-07-03 08:26:03'),
(224, 'Admin', 'Clicked User Management Side Nav', '2025-07-03 08:29:00'),
(225, 'Admin', 'Clicked Inventory List Side Nav', '2025-07-03 08:29:02'),
(226, 'Admin', 'Clicked Inventory Dropdown Side Nav', '2025-07-03 08:29:16'),
(227, 'Admin', 'Clicked Inventory Dropdown Side Nav', '2025-07-03 08:29:34'),
(228, 'Admin', 'Clicked Inventory Dropdown Side Nav', '2025-07-03 08:37:42'),
(229, 'Admin', 'Clicked Inventory Dropdown Side Nav', '2025-07-03 08:41:29'),
(230, 'Admin', 'Clicked Inventory Dropdown Side Nav', '2025-07-03 08:45:06'),
(231, 'Admin', 'Clicked Inventory Dropdown Side Nav', '2025-07-03 08:52:39'),
(232, 'Admin', 'Clicked Inventory Dropdown Side Nav', '2025-07-03 13:56:58'),
(233, 'Admin', 'Clicked Inventory Dropdown Side Nav', '2025-07-03 13:57:03'),
(234, 'Admin', 'Clicked Inventory Dropdown Side Nav', '2025-07-03 13:57:26'),
(235, 'Admin', 'Clicked Request Equipment Side Nav', '2025-07-03 13:57:51'),
(236, 'Admin', 'Clicked search item option', '2025-07-03 13:57:58'),
(237, 'Admin', 'Clicked search item option', '2025-07-03 13:58:02'),
(238, 'Admin', 'Clicked search item option', '2025-07-03 13:58:05'),
(239, 'Admin', 'Clicked Inventory Dropdown Side Nav', '2025-07-03 14:07:42'),
(240, 'Admin', 'Clicked Inventory List Side Nav', '2025-07-03 14:07:44'),
(241, 'Admin', 'Clicked Inventory Dropdown Side Nav', '2025-07-03 14:07:55'),
(242, 'Admin', 'Clicked Request Equipment Side Nav', '2025-07-03 14:07:58'),
(243, 'Admin', 'Clicked proceed', '2025-07-03 14:08:20'),
(244, 'Admin', 'Clicked Inventory Dropdown Side Nav', '2025-07-03 14:08:43'),
(245, 'Admin', 'Clicked Request Equipment Side Nav', '2025-07-03 14:11:52'),
(246, 'Admin', 'Clicked Inventory Dropdown Side Nav', '2025-07-03 14:17:50'),
(247, 'Admin', 'Clicked Inventory Dropdown Side Nav', '2025-07-03 14:20:01'),
(248, 'Admin', 'Clicked Inventory Dropdown Side Nav', '2025-07-03 14:37:50'),
(249, 'Admin', 'Clicked Request Equipment Side Nav', '2025-07-03 14:39:35'),
(250, 'Admin', 'Clicked Inventory List Side Nav', '2025-07-03 14:39:48'),
(251, 'Admin', 'Clicked Request Equipment Side Nav', '2025-07-03 14:39:53'),
(252, 'Admin', 'Clicked Inventory Dropdown Side Nav', '2025-07-03 14:40:33'),
(253, 'Admin', 'Clicked Inventory Dropdown Side Nav', '2025-07-03 14:40:45'),
(254, 'Admin', 'Clicked Inventory Dropdown Side Nav', '2025-07-03 15:13:34'),
(255, 'Admin', 'Clicked Inventory List Side Nav', '2025-07-03 15:13:50'),
(256, 'Admin', 'Clicked Request Equipment Side Nav', '2025-07-03 15:26:35'),
(257, 'Admin', 'Clicked Inventory List Side Nav', '2025-07-03 15:26:37'),
(258, 'Admin', 'Clicked Inventory List Side Nav', '2025-07-03 15:26:47'),
(259, 'Admin', 'Clicked Inventory List Side Nav', '2025-07-03 15:27:42'),
(260, 'Admin', 'Clicked Inventory Dropdown Side Nav', '2025-07-03 15:47:39'),
(261, 'Admin', 'Clicked Inventory List Side Nav', '2025-07-03 15:47:40'),
(262, 'Admin', 'Clicked Request Equipment Side Nav', '2025-07-03 15:48:30'),
(263, 'Admin', 'Clicked Inventory List Side Nav', '2025-07-03 15:48:31'),
(264, 'Admin', 'Clicked Inventory List Side Nav', '2025-07-03 15:48:37'),
(265, 'Admin', 'Clicked Inventory Dropdown Side Nav', '2025-07-03 16:26:17'),
(266, 'Admin', 'Clicked Inventory List Side Nav', '2025-07-03 16:26:18'),
(267, 'Admin', 'Clicked Inventory Dropdown Side Nav', '2025-07-03 16:26:30'),
(268, 'Admin', 'Clicked Inventory Dropdown Side Nav', '2025-07-03 16:45:26'),
(269, 'Admin', 'Clicked Inventory Dropdown Side Nav', '2025-07-04 08:28:30'),
(270, 'Admin', 'Clicked Inventory List Side Nav', '2025-07-04 08:28:32'),
(271, 'Admin', 'Clicked Request Equipment Side Nav', '2025-07-04 08:28:45'),
(272, 'Admin', 'Clicked proceed', '2025-07-04 08:29:03'),
(273, 'Admin', 'Clicked Inventory Dropdown Side Nav', '2025-07-04 08:29:26'),
(274, 'Admin', 'Clicked Inventory List Side Nav', '2025-07-04 08:29:49'),
(275, 'Admin', 'Clicked Inventory Dropdown Side Nav', '2025-07-04 08:29:49'),
(276, 'Admin', 'Clicked Request Equipment Side Nav', '2025-07-04 08:29:49'),
(277, 'Admin', 'Clicked Inventory List Side Nav', '2025-07-04 08:29:52'),
(278, 'Admin', 'Clicked Inventory Dropdown Side Nav', '2025-07-04 08:30:02'),
(279, 'Admin', 'Clicked Inventory Dropdown Side Nav', '2025-07-04 08:36:10'),
(280, 'Admin', 'Clicked Inventory Dropdown Side Nav', '2025-07-04 08:36:10'),
(281, 'Admin', 'Clicked User Management Side Nav', '2025-07-04 08:36:17'),
(282, 'Admin', 'Clicked Inventory Dropdown Side Nav', '2025-07-04 08:36:18'),
(283, 'Admin', 'Clicked Inventory List Side Nav', '2025-07-04 08:36:20'),
(284, 'Admin', 'Clicked Request Equipment Side Nav', '2025-07-04 08:40:52'),
(285, 'Admin', 'Clicked Inventory List Side Nav', '2025-07-04 08:40:55'),
(286, 'Admin', 'Clicked User Management Side Nav', '2025-07-04 08:40:57'),
(287, 'Admin', 'Created user: rodulfo (Employee)', '2025-07-04 08:41:56'),
(288, 'rodulfo', 'Clicked Dashboard Side Nav', '2025-07-04 09:18:58'),
(289, 'rodulfo', 'Clicked Dashboard Side Nav', '2025-07-04 09:19:27'),
(290, 'rodulfo', 'Clicked Dashboard Side Nav', '2025-07-04 09:19:49'),
(291, 'Admin', 'Clicked Inventory Dropdown Side Nav', '2025-07-04 09:21:30'),
(292, 'Admin', 'Clicked Request Equipment Side Nav', '2025-07-04 09:21:35'),
(293, 'Admin', 'Clicked Inventory List Side Nav', '2025-07-04 09:21:35'),
(294, 'Admin', 'Clicked Inventory List Side Nav', '2025-07-04 09:21:37'),
(295, 'Admin', 'Clicked Inventory Dropdown Side Nav', '2025-07-04 09:21:43'),
(296, 'Admin', 'Clicked Request Equipment Side Nav', '2025-07-04 09:21:50'),
(297, 'Admin', 'Clicked Inventory List Side Nav', '2025-07-04 09:21:50'),
(298, 'Admin', 'Clicked User Management Side Nav', '2025-07-04 10:15:59'),
(299, 'Admin', 'Clicked User Management Side Nav', '2025-07-04 10:16:00'),
(300, 'Admin', 'Clicked Inventory Dropdown Side Nav', '2025-07-04 10:16:01'),
(301, 'Admin', 'Clicked Inventory Dropdown Side Nav', '2025-07-04 10:16:02'),
(302, 'rodulfo', 'Clicked Dashboard Side Nav', '2025-07-04 10:16:09'),
(303, 'Admin', 'Clicked Dashboard Side Nav', '2025-07-04 10:19:21'),
(304, 'Admin', 'Clicked User Management Side Nav', '2025-07-04 10:19:22'),
(305, 'Admin', 'Clicked User Management Side Nav', '2025-07-04 10:19:25'),
(306, 'Admin', 'Clicked Inventory Dropdown Side Nav', '2025-07-04 10:21:45'),
(307, 'Admin', 'Clicked Inventory List Side Nav', '2025-07-04 10:21:48'),
(308, 'Admin', 'Clicked Request Equipment Side Nav', '2025-07-04 10:21:50'),
(309, 'Admin', 'Clicked Inventory Dropdown Side Nav', '2025-07-04 10:22:12'),
(310, 'Admin', 'Clicked Inventory List Side Nav', '2025-07-04 10:22:14'),
(311, 'Admin', 'Clicked Inventory List Side Nav', '2025-07-04 10:22:17'),
(312, 'Admin', 'Clicked Request Equipment Side Nav', '2025-07-04 10:22:17'),
(313, 'Admin', 'Clicked Inventory List Side Nav', '2025-07-04 10:22:27'),
(314, 'Admin', 'Clicked User Management Side Nav', '2025-07-04 10:23:17'),
(315, 'Admin', 'Clicked Dashboard Side Nav', '2025-07-04 10:23:20'),
(316, 'rodulfo', 'Clicked Total Equipment card', '2025-07-04 10:23:50'),
(317, 'rodulfo', 'Clicked Dashboard Side Nav', '2025-07-04 10:24:48'),
(318, 'rodulfo', 'Clicked Total Equipment card', '2025-07-04 10:24:50'),
(319, 'Admin', 'Clicked User Management Side Nav', '2025-07-04 10:25:31'),
(320, 'Admin', 'Clicked Dashboard Side Nav', '2025-07-04 10:25:33'),
(321, 'Admin', 'Clicked Inventory Dropdown Side Nav', '2025-07-04 10:25:38'),
(322, 'Admin', 'Clicked Inventory List Side Nav', '2025-07-04 10:25:39'),
(323, 'Admin', 'Clicked Inventory List Side Nav', '2025-07-04 10:25:49'),
(324, 'Admin', 'Clicked Inventory Dropdown Side Nav', '2025-07-04 11:13:05'),
(325, 'Admin', 'Clicked Inventory List Side Nav', '2025-07-04 11:13:06'),
(326, 'Admin', 'Clicked Inventory Dropdown Side Nav', '2025-07-04 11:20:25'),
(327, 'Admin', 'Clicked Inventory List Side Nav', '2025-07-04 11:20:26'),
(328, 'Admin', 'Clicked Inventory Dropdown Side Nav', '2025-07-04 13:27:47'),
(329, 'Admin', 'Clicked Inventory Dropdown Side Nav', '2025-07-04 13:34:42'),
(330, 'Admin', 'Clicked Request Equipment Side Nav', '2025-07-04 13:34:46'),
(331, 'Admin', 'Clicked Inventory List Side Nav', '2025-07-04 13:34:47'),
(332, 'Admin', 'Clicked Inventory Dropdown Side Nav', '2025-07-04 13:45:28'),
(333, 'Admin', 'Clicked Inventory Dropdown Side Nav', '2025-07-04 13:45:28'),
(334, 'Admin', 'Clicked Inventory Dropdown Side Nav', '2025-07-04 13:45:29'),
(335, 'Admin', 'Clicked Inventory Dropdown Side Nav', '2025-07-04 13:45:38'),
(336, 'Admin', 'Clicked Inventory List Side Nav', '2025-07-04 13:45:39'),
(337, 'Admin', 'Clicked Request Equipment Side Nav', '2025-07-04 13:45:41'),
(338, 'Admin', 'Clicked Inventory Dropdown Side Nav', '2025-07-04 13:55:58'),
(339, 'Admin', 'Clicked Request Equipment Side Nav', '2025-07-04 13:56:00'),
(340, 'Admin', 'Clicked Request Equipment Side Nav', '2025-07-04 13:56:00'),
(341, 'Admin', 'Clicked Inventory List Side Nav', '2025-07-04 13:56:01'),
(342, 'Admin', 'Clicked Dashboard Side Nav', '2025-07-07 09:25:33'),
(343, 'Admin', 'Clicked Inventory Count card', '2025-07-07 10:12:56'),
(344, 'Admin', 'Clicked Inventory Dropdown Side Nav', '2025-07-07 10:12:58'),
(345, 'Admin', 'Clicked Request Equipment Side Nav', '2025-07-07 10:13:01'),
(346, 'Admin', 'Clicked Request Equipment Side Nav', '2025-07-07 10:19:31'),
(347, 'Admin', 'Clicked Request Equipment Side Nav', '2025-07-07 10:19:38'),
(348, 'Admin', 'Clicked Inventory List Side Nav', '2025-07-07 10:19:39'),
(349, 'Admin', 'Clicked Request Equipment Side Nav', '2025-07-07 10:36:05'),
(350, 'Admin', 'Clicked Inventory List Side Nav', '2025-07-07 10:36:16'),
(351, 'Admin', 'Clicked Request Equipment Side Nav', '2025-07-07 10:40:07'),
(352, 'Admin', 'Clicked Inventory List Side Nav', '2025-07-07 10:41:10'),
(353, 'Admin', 'Clicked Request Equipment Side Nav', '2025-07-07 10:41:15'),
(354, 'Admin', 'Clicked Inventory Dropdown Side Nav', '2025-07-07 11:01:52'),
(355, 'Admin', 'Clicked Inventory List Side Nav', '2025-07-07 11:05:06'),
(356, 'Admin', 'Clicked User Management Side Nav', '2025-07-07 11:22:17'),
(357, 'Admin', 'Clicked Inventory Dropdown Side Nav', '2025-07-07 11:22:35'),
(358, 'Admin', 'Clicked Request Equipment Side Nav', '2025-07-07 11:22:36'),
(359, 'Admin', 'Clicked Inventory List Side Nav', '2025-07-07 11:22:37'),
(360, 'Admin', 'Clicked Inventory List Side Nav', '2025-07-07 11:22:39'),
(361, 'Admin', 'Clicked Inventory Dropdown Side Nav', '2025-07-07 11:30:45'),
(362, 'Admin', 'Clicked Request Equipment Side Nav', '2025-07-07 11:30:49'),
(363, 'Admin', 'Clicked Inventory List Side Nav', '2025-07-07 11:30:50'),
(364, 'Admin', 'Clicked Request Equipment Side Nav', '2025-07-07 11:30:56'),
(365, 'Admin', 'Clicked Inventory List Side Nav', '2025-07-07 11:30:57'),
(366, 'Admin', 'Clicked Request Equipment Side Nav', '2025-07-07 11:31:03'),
(367, 'Admin', 'Clicked Inventory List Side Nav', '2025-07-07 11:32:56'),
(368, 'Admin', 'Clicked Inventory Dropdown Side Nav', '2025-07-07 11:38:20'),
(369, 'Admin', 'Clicked Inventory Dropdown Side Nav', '2025-07-07 11:47:15'),
(370, 'Admin', 'Clicked Inventory Dropdown Side Nav', '2025-07-07 11:54:37'),
(371, 'Admin', 'Clicked Request Equipment Side Nav', '2025-07-07 11:54:49'),
(372, 'Admin', 'Clicked search item option', '2025-07-07 11:54:51'),
(373, 'Admin', 'Clicked proceed', '2025-07-07 11:55:08'),
(374, 'Admin', 'Clicked Request Equipment Side Nav', '2025-07-07 11:55:16'),
(375, 'Admin', 'Clicked Inventory Dropdown Side Nav', '2025-07-07 11:55:23'),
(376, 'Admin', 'Clicked Inventory Dropdown Side Nav', '2025-07-07 11:55:40'),
(377, 'Admin', 'Clicked Inventory Dropdown Side Nav', '2025-07-07 13:03:38'),
(378, 'Admin', 'Clicked Inventory Dropdown Side Nav', '2025-07-07 13:03:43'),
(379, 'Admin', 'Clicked Inventory Dropdown Side Nav', '2025-07-07 16:43:30'),
(380, 'Admin', 'Clicked Inventory Dropdown Side Nav', '2025-07-07 16:43:31'),
(381, 'Admin', 'Clicked Inventory Dropdown Side Nav', '2025-07-07 16:43:32'),
(382, 'Admin', 'Clicked Inventory Dropdown Side Nav', '2025-07-07 16:43:38'),
(383, 'Admin', 'Clicked Inventory Dropdown Side Nav', '2025-07-07 16:43:41'),
(384, 'Admin', 'Clicked Request Equipment Side Nav', '2025-07-07 16:43:47'),
(385, 'Admin', 'Clicked Inventory List Side Nav', '2025-07-07 16:43:48'),
(386, 'Admin', 'Clicked Inventory Dropdown Side Nav', '2025-07-07 16:43:49'),
(387, 'Admin', 'Clicked Inventory Dropdown Side Nav', '2025-07-07 16:44:16'),
(388, 'Admin', 'Clicked Inventory Dropdown Side Nav', '2025-07-07 16:44:20'),
(389, 'Admin', 'Clicked Request Equipment Side Nav', '2025-07-07 16:44:22'),
(390, 'Admin', 'Clicked Inventory List Side Nav', '2025-07-07 16:44:23'),
(391, 'Admin', 'Clicked Request Equipment Side Nav', '2025-07-07 16:44:24'),
(392, 'Admin', 'Clicked Request Equipment Side Nav', '2025-07-07 16:44:37'),
(393, 'Admin', 'Clicked Inventory List Side Nav', '2025-07-07 16:44:39'),
(394, 'Admin', 'Clicked Request Equipment Side Nav', '2025-07-07 16:44:40'),
(395, 'Admin', 'Clicked Inventory Dropdown Side Nav', '2025-07-07 16:44:44'),
(396, 'Admin', 'Clicked User Management Side Nav', '2025-07-07 16:44:45'),
(397, 'Admin', 'Clicked Inventory Dropdown Side Nav', '2025-07-07 16:44:48'),
(398, 'Admin', 'Clicked Inventory Dropdown Side Nav', '2025-07-07 16:44:49'),
(399, 'Admin', 'Clicked Inventory Dropdown Side Nav', '2025-07-07 16:44:49'),
(400, 'Admin', 'Clicked Request Equipment Side Nav', '2025-07-07 16:44:51'),
(401, 'Admin', 'Clicked Inventory Dropdown Side Nav', '2025-07-07 16:44:52'),
(402, 'Admin', 'Clicked Inventory Dropdown Side Nav', '2025-07-07 16:45:10'),
(403, 'Admin', 'Clicked Request Equipment Side Nav', '2025-07-07 16:45:12'),
(404, 'Admin', 'Clicked search item option', '2025-07-07 16:45:17'),
(405, 'Admin', 'Clicked proceed', '2025-07-07 16:45:32'),
(406, 'Admin', 'Clicked Inventory Dropdown Side Nav', '2025-07-07 16:45:49'),
(407, 'Admin', 'Clicked Inventory Dropdown Side Nav', '2025-07-07 16:46:07'),
(408, 'Admin', 'Clicked Inventory Dropdown Side Nav', '2025-07-07 16:47:52'),
(409, 'Admin', 'Clicked Inventory List Side Nav', '2025-07-07 16:47:53'),
(410, 'Admin', 'Clicked Request Equipment Side Nav', '2025-07-07 16:47:54'),
(411, 'rodulfo', 'Clicked Dashboard Side Nav', '2025-07-07 16:48:20'),
(412, 'rodulfo', 'Clicked Dashboard Side Nav', '2025-07-08 08:29:06'),
(413, 'rodulfo', 'Clicked Total Equipment card', '2025-07-08 08:29:09'),
(414, 'rodulfo', 'Clicked Dashboard Side Nav', '2025-07-08 08:29:28'),
(415, 'rodulfo', 'Clicked Total Equipment card', '2025-07-08 08:29:29'),
(416, 'rodulfo', 'Clicked Dashboard Side Nav', '2025-07-08 08:29:39'),
(417, 'rodulfo', 'Clicked Available Equipment card', '2025-07-08 08:29:44'),
(418, 'rodulfo', 'Clicked Pending Request card', '2025-07-08 08:29:49'),
(419, 'rodulfo', 'Clicked Dashboard Side Nav', '2025-07-08 08:29:53'),
(420, 'rodulfo', 'Clicked Dashboard Side Nav', '2025-07-08 08:29:58'),
(421, 'Admin', 'Clicked User Management Side Nav', '2025-07-08 08:30:16'),
(422, 'Admin', 'Clicked Inventory Dropdown Side Nav', '2025-07-08 08:30:17'),
(423, 'Admin', 'Clicked Dashboard Side Nav', '2025-07-08 08:30:20'),
(424, 'Admin', 'Clicked Request Equipment Side Nav', '2025-07-08 08:30:23'),
(425, 'Admin', 'Clicked Inventory List Side Nav', '2025-07-08 08:30:24'),
(426, 'Admin', 'Reported item ID 985 from table tbl_inv as Missing.', '2025-07-08 08:30:30'),
(427, 'Admin', 'Clicked Inventory Dropdown Side Nav', '2025-07-08 08:30:34'),
(428, 'Admin', 'Clicked Inventory Dropdown Side Nav', '2025-07-08 08:30:44'),
(429, 'Admin', 'Clicked Inventory Dropdown Side Nav', '2025-07-08 08:30:53'),
(430, 'Admin', 'Clicked Inventory Dropdown Side Nav', '2025-07-08 08:30:53'),
(431, 'Admin', 'Clicked Inventory Dropdown Side Nav', '2025-07-08 08:30:54'),
(432, 'Admin', 'Clicked Request Equipment Side Nav', '2025-07-08 08:30:57'),
(433, 'Admin', 'Clicked Inventory Dropdown Side Nav', '2025-07-08 08:31:02'),
(434, 'Admin', 'Clicked Inventory Dropdown Side Nav', '2025-07-08 08:31:05'),
(435, 'Admin', 'Clicked Inventory Dropdown Side Nav', '2025-07-08 08:31:08'),
(436, 'Admin', 'Clicked Inventory Dropdown Side Nav', '2025-07-08 08:31:14'),
(437, 'Admin', 'Clicked Inventory Dropdown Side Nav', '2025-07-08 08:31:17'),
(438, 'Admin', 'Clicked Inventory Dropdown Side Nav', '2025-07-08 08:31:24'),
(439, 'Admin', 'Clicked Inventory Dropdown Side Nav', '2025-07-08 08:32:04'),
(440, 'Admin', 'Clicked Inventory Dropdown Side Nav', '2025-07-08 08:32:06'),
(441, 'Admin', 'Clicked Inventory Dropdown Side Nav', '2025-07-08 08:35:15'),
(442, 'Admin', 'Clicked Request Equipment Side Nav', '2025-07-08 08:35:18'),
(443, 'Admin', 'Clicked Inventory List Side Nav', '2025-07-08 08:35:19'),
(444, 'Admin', 'Clicked Inventory Dropdown Side Nav', '2025-07-08 08:35:21'),
(445, 'Admin', 'Clicked Inventory Dropdown Side Nav', '2025-07-08 08:35:23'),
(446, 'Admin', 'Clicked Inventory Dropdown Side Nav', '2025-07-08 08:35:27'),
(447, 'Admin', 'Clicked Inventory Dropdown Side Nav', '2025-07-08 08:35:29'),
(448, 'Admin', 'Clicked User Management Side Nav', '2025-07-08 08:35:29'),
(449, 'Admin', 'Clicked Inventory Dropdown Side Nav', '2025-07-08 08:35:30'),
(450, 'Admin', 'Clicked Inventory Dropdown Side Nav', '2025-07-08 08:35:30'),
(451, 'Admin', 'Clicked Inventory Dropdown Side Nav', '2025-07-08 08:35:34'),
(452, 'Admin', 'Clicked Inventory Dropdown Side Nav', '2025-07-08 08:35:47'),
(453, 'Admin', 'Clicked Inventory Dropdown Side Nav', '2025-07-08 08:35:49'),
(454, 'Admin', 'Clicked Inventory Dropdown Side Nav', '2025-07-08 08:35:53'),
(455, 'Admin', 'Clicked Inventory Dropdown Side Nav', '2025-07-08 08:35:55'),
(456, 'Admin', 'Clicked User Management Side Nav', '2025-07-08 08:38:32'),
(457, 'Admin', 'Clicked Inventory Dropdown Side Nav', '2025-07-08 08:38:32'),
(458, 'Admin', 'Clicked Inventory List Side Nav', '2025-07-08 08:38:35'),
(459, 'Admin', 'Clicked Request Equipment Side Nav', '2025-07-08 08:38:35'),
(460, 'Admin', 'Clicked Inventory List Side Nav', '2025-07-08 08:38:36'),
(461, 'Admin', 'Clicked Dashboard Side Nav', '2025-07-08 08:38:36'),
(462, 'Admin', 'Clicked Inventory Dropdown Side Nav', '2025-07-08 09:15:53'),
(463, 'Admin', 'Clicked Equipment Pie Chart card', '2025-07-08 09:16:12'),
(464, 'Admin', 'Clicked Inventory Dropdown Side Nav', '2025-07-08 09:24:15'),
(465, 'Admin', 'Clicked Inventory List Side Nav', '2025-07-08 09:24:17'),
(466, 'Admin', 'Clicked Inventory List Side Nav', '2025-07-08 09:24:17'),
(467, 'Admin', 'Clicked Request Equipment Side Nav', '2025-07-08 09:24:18'),
(468, 'Admin', 'Clicked Inventory Dropdown Side Nav', '2025-07-08 09:24:21'),
(469, 'Admin', 'Clicked Inventory Dropdown Side Nav', '2025-07-08 09:24:32'),
(470, 'Admin', 'Clicked User Management Side Nav', '2025-07-08 09:24:33'),
(471, 'Admin', 'Clicked Dashboard Side Nav', '2025-07-08 09:24:36'),
(472, 'Admin', 'Clicked Inventory Dropdown Side Nav', '2025-07-08 09:26:19'),
(473, 'Admin', 'Clicked User Management Side Nav', '2025-07-08 09:26:20'),
(474, 'Admin', 'Clicked Inventory Dropdown Side Nav', '2025-07-08 09:26:21'),
(475, 'Admin', 'Clicked Inventory Dropdown Side Nav', '2025-07-08 09:26:22'),
(476, 'Admin', 'Clicked Inventory Dropdown Side Nav', '2025-07-08 09:26:22'),
(477, 'Admin', 'Clicked Inventory List Side Nav', '2025-07-08 09:26:26'),
(478, 'Admin', 'Clicked Inventory List Side Nav', '2025-07-08 09:26:35'),
(479, 'Admin', 'Clicked Request Equipment Side Nav', '2025-07-08 09:27:03'),
(480, 'Admin', 'Clicked Inventory List Side Nav', '2025-07-08 09:27:05'),
(481, 'Admin', 'Clicked Request Equipment Side Nav', '2025-07-08 09:27:07'),
(482, 'Admin', 'Clicked Inventory List Side Nav', '2025-07-08 09:27:08'),
(483, 'Admin', 'Reported item ID 986 from table tbl_inv_consumables as Missing.', '2025-07-08 09:27:40'),
(484, 'Admin', 'Clicked Inventory Dropdown Side Nav', '2025-07-08 09:27:45'),
(485, 'Admin', 'Clicked Inventory List Side Nav', '2025-07-08 09:27:45'),
(486, 'Admin', 'Clicked Inventory List Side Nav', '2025-07-08 09:27:52'),
(487, 'Admin', 'Reported item ID 985 from table tbl_inv as Missing.', '2025-07-08 09:27:56'),
(488, 'Admin', 'Clicked Inventory Dropdown Side Nav', '2025-07-08 09:28:01'),
(489, 'Admin', 'Clicked Inventory Dropdown Side Nav', '2025-07-08 09:28:08'),
(490, 'Admin', 'Clicked Inventory List Side Nav', '2025-07-08 09:28:09'),
(491, 'Admin', 'Clicked Inventory Dropdown Side Nav', '2025-07-08 09:42:20'),
(492, 'Admin', 'Clicked Inventory Dropdown Side Nav', '2025-07-08 09:42:22'),
(493, 'Admin', 'Clicked Inventory Dropdown Side Nav', '2025-07-08 09:42:47'),
(494, 'Admin', 'Clicked Inventory Dropdown Side Nav', '2025-07-08 10:04:04'),
(495, 'Admin', 'Clicked Request Equipment Side Nav', '2025-07-08 10:04:09'),
(496, 'Admin', 'Clicked Inventory Dropdown Side Nav', '2025-07-08 10:10:22'),
(497, 'Admin', 'Clicked Request Equipment Side Nav', '2025-07-08 10:10:31'),
(498, 'Admin', 'Clicked Inventory List Side Nav', '2025-07-08 10:10:32'),
(499, 'Admin', 'Clicked Inventory Dropdown Side Nav', '2025-07-08 10:20:36'),
(500, 'Admin', 'Clicked Request Equipment Side Nav', '2025-07-08 10:20:36'),
(501, 'Admin', 'Clicked Request Equipment Side Nav', '2025-07-08 10:20:40'),
(502, 'Admin', 'Clicked Inventory List Side Nav', '2025-07-08 10:20:41'),
(503, 'Admin', 'Clicked Request Equipment Side Nav', '2025-07-08 10:20:41'),
(504, 'Admin', 'Clicked Inventory Dropdown Side Nav', '2025-07-08 10:20:57'),
(505, 'Admin', 'Clicked Inventory Dropdown Side Nav', '2025-07-08 10:23:50'),
(506, 'Admin', 'Clicked User Management Side Nav', '2025-07-08 10:23:51'),
(507, 'Admin', 'Clicked Dashboard Side Nav', '2025-07-08 10:24:18'),
(508, 'Admin', 'Clicked Total Equipment card', '2025-07-08 10:24:19'),
(509, 'Admin', 'Clicked Inventory Dropdown Side Nav', '2025-07-08 10:24:27'),
(510, 'Admin', 'Clicked Inventory Dropdown Side Nav', '2025-07-08 10:24:27'),
(511, 'Admin', 'Clicked Inventory Dropdown Side Nav', '2025-07-08 10:24:28'),
(512, 'Admin', 'Clicked Inventory Dropdown Side Nav', '2025-07-08 10:24:28'),
(513, 'Admin', 'Clicked Inventory List Side Nav', '2025-07-08 10:24:29'),
(514, 'Admin', 'Clicked Dashboard Side Nav', '2025-07-08 10:24:30'),
(515, 'Admin', 'Clicked Available Equipment card', '2025-07-08 10:24:32'),
(516, 'Admin', 'Clicked Dashboard Side Nav', '2025-07-08 10:24:33'),
(517, 'Admin', 'Clicked Total Equipment card', '2025-07-08 10:24:34'),
(518, 'Admin', 'Clicked Dashboard Side Nav', '2025-07-08 10:24:35'),
(519, 'Admin', 'Clicked Total Equipment card', '2025-07-08 10:29:28'),
(520, 'Admin', 'Clicked Inventory Dropdown Side Nav', '2025-07-08 10:29:29'),
(521, 'Admin', 'Clicked Inventory Dropdown Side Nav', '2025-07-08 10:29:30'),
(522, 'Admin', 'Clicked Inventory Dropdown Side Nav', '2025-07-08 10:29:30'),
(523, 'Admin', 'Clicked Inventory Dropdown Side Nav', '2025-07-08 10:29:30'),
(524, 'Admin', 'Clicked Inventory Dropdown Side Nav', '2025-07-08 10:29:31'),
(525, 'Admin', 'Clicked Inventory Dropdown Side Nav', '2025-07-08 10:29:32'),
(526, 'Admin', 'Clicked Inventory Dropdown Side Nav', '2025-07-08 10:29:44'),
(527, 'Admin', 'Clicked Inventory List Side Nav', '2025-07-08 10:29:45'),
(528, 'Admin', 'Clicked Request Equipment Side Nav', '2025-07-08 10:30:08'),
(529, 'Admin', 'Clicked Request Equipment Side Nav', '2025-07-08 10:30:09'),
(530, 'Admin', 'Clicked Inventory List Side Nav', '2025-07-08 10:30:09'),
(531, 'Admin', 'Clicked Inventory Dropdown Side Nav', '2025-07-08 11:25:45'),
(532, 'Admin', 'Clicked Request Equipment Side Nav', '2025-07-08 11:25:50'),
(533, 'Admin', 'Clicked Request Equipment Side Nav', '2025-07-08 11:25:53'),
(534, 'Admin', 'Clicked Inventory List Side Nav', '2025-07-08 11:25:55'),
(535, 'Admin', 'Clicked Inventory Dropdown Side Nav', '2025-07-08 11:44:07'),
(536, 'Admin', 'Clicked Request Equipment Side Nav', '2025-07-08 11:44:10'),
(537, 'Admin', 'Clicked Inventory List Side Nav', '2025-07-08 11:44:11'),
(538, 'Admin', 'Clicked Request Equipment Side Nav', '2025-07-08 11:44:16'),
(539, 'Admin', 'Clicked Inventory List Side Nav', '2025-07-08 11:44:17'),
(540, 'Admin', 'Reported item ID 985 from table tbl_inv as Missing.', '2025-07-08 11:59:04'),
(541, 'Admin', 'Clicked Inventory Dropdown Side Nav', '2025-07-08 12:00:33'),
(542, 'Admin', 'Clicked Inventory Dropdown Side Nav', '2025-07-08 12:00:38'),
(543, 'Admin', 'Clicked Request Equipment Side Nav', '2025-07-08 12:00:39'),
(544, 'Admin', 'Clicked Inventory List Side Nav', '2025-07-08 12:00:40'),
(545, 'Admin', 'Clicked Inventory Dropdown Side Nav', '2025-07-08 13:15:45'),
(546, 'Admin', 'Clicked Inventory Dropdown Side Nav', '2025-07-08 13:52:27'),
(547, 'Admin', 'Clicked Inventory List Side Nav', '2025-07-08 13:52:28'),
(548, 'Admin', 'Clicked Inventory Dropdown Side Nav', '2025-07-08 13:56:58'),
(549, 'Admin', 'Clicked Inventory List Side Nav', '2025-07-08 13:57:00'),
(550, 'Admin', 'Clicked Inventory Dropdown Side Nav', '2025-07-08 14:00:28'),
(551, 'Admin', 'Clicked Inventory List Side Nav', '2025-07-08 14:00:29'),
(552, 'Admin', 'Clicked Request Equipment Side Nav', '2025-07-08 14:00:29'),
(553, 'Admin', 'Clicked Inventory List Side Nav', '2025-07-08 14:00:35'),
(554, 'Admin', 'Clicked Inventory List Side Nav', '2025-07-08 14:03:12'),
(555, 'Admin', 'Clicked Inventory List Side Nav', '2025-07-08 14:05:49'),
(556, 'Admin', 'Clicked Inventory List Side Nav', '2025-07-08 14:05:51'),
(557, 'Admin', 'Clicked Inventory List Side Nav', '2025-07-08 14:06:09'),
(558, 'Admin', 'Clicked Inventory List Side Nav', '2025-07-08 14:06:13'),
(559, 'Admin', 'Clicked Inventory List Side Nav', '2025-07-08 14:06:15'),
(560, 'Admin', 'Clicked Inventory List Side Nav', '2025-07-08 14:06:17'),
(561, 'Admin', 'Clicked Inventory List Side Nav', '2025-07-08 14:06:20'),
(562, 'Admin', 'Clicked Inventory List Side Nav', '2025-07-08 14:06:23'),
(563, 'Admin', 'Clicked Inventory List Side Nav', '2025-07-08 14:14:10'),
(564, 'Admin', 'Clicked Available Equipment card', '2025-07-08 15:05:53'),
(565, 'Admin', 'Clicked Total Equipment card', '2025-07-08 15:05:57'),
(566, 'Admin', 'Deleted item ID 986 from table tbl_inv_consumables.', '2025-07-08 15:08:26'),
(567, 'Admin', 'Deleted item ID 986 from table tbl_inv_consumables.', '2025-07-08 15:08:29'),
(568, 'Admin', 'Deleted item ID 986 from table tbl_inv.', '2025-07-08 15:16:03'),
(569, 'Admin', 'Clicked Inventory Dropdown Side Nav', '2025-07-08 15:22:21'),
(570, 'Admin', 'Clicked Inventory List Side Nav', '2025-07-08 15:22:24'),
(571, 'Admin', 'Clicked Request Equipment Side Nav', '2025-07-08 15:22:33'),
(572, 'Admin', 'Clicked Inventory Dropdown Side Nav', '2025-07-08 15:23:20'),
(573, 'Admin', 'Clicked Inventory List Side Nav', '2025-07-08 15:23:21'),
(574, 'Admin', 'Clicked Inventory Dropdown Side Nav', '2025-07-08 15:41:28'),
(575, 'Admin', 'Clicked Request Equipment Side Nav', '2025-07-08 15:41:29'),
(576, 'Admin', 'Clicked Request Equipment Side Nav', '2025-07-08 15:41:32'),
(577, 'Admin', 'Clicked Inventory List Side Nav', '2025-07-08 15:41:32'),
(578, 'Admin', 'Clicked Inventory Dropdown Side Nav', '2025-07-08 15:44:08'),
(579, 'Admin', 'Clicked Inventory List Side Nav', '2025-07-08 15:44:11'),
(580, 'Admin', 'Clicked Inventory Dropdown Side Nav', '2025-07-08 15:49:40'),
(581, 'Admin', 'Clicked Inventory List Side Nav', '2025-07-08 15:49:42'),
(582, 'Admin', 'Clicked Dashboard Side Nav', '2025-07-08 16:17:17'),
(583, 'Admin', 'Clicked Inventory Dropdown Side Nav', '2025-07-08 16:17:19'),
(584, 'Admin', 'Clicked Inventory Dropdown Side Nav', '2025-07-08 16:17:19'),
(585, 'Admin', 'Clicked Inventory Dropdown Side Nav', '2025-07-08 16:17:20'),
(586, 'Admin', 'Clicked Inventory Dropdown Side Nav', '2025-07-08 16:53:24'),
(587, 'Admin', 'Clicked Inventory Dropdown Side Nav', '2025-07-08 16:53:26'),
(588, 'Admin', 'Clicked Inventory Dropdown Side Nav', '2025-07-08 16:53:26'),
(589, 'Admin', 'Clicked Inventory Dropdown Side Nav', '2025-07-08 16:53:29'),
(590, 'Admin', 'Clicked Request Equipment Side Nav', '2025-07-08 16:53:29'),
(591, 'Admin', 'Clicked Inventory List Side Nav', '2025-07-08 16:53:30'),
(592, 'Admin', 'Clicked Request Equipment Side Nav', '2025-07-08 16:53:30'),
(593, 'Admin', 'Clicked User Management Side Nav', '2025-07-08 16:55:15'),
(594, 'Admin', 'Clicked Inventory Dropdown Side Nav', '2025-07-08 16:55:17'),
(595, 'Admin', 'Clicked Inventory Dropdown Side Nav', '2025-07-08 16:55:18'),
(596, 'Admin', 'Clicked Inventory Dropdown Side Nav', '2025-07-08 16:55:35'),
(597, 'Admin', 'Clicked Inventory List Side Nav', '2025-07-08 16:55:36'),
(598, 'Admin', 'Clicked Request Equipment Side Nav', '2025-07-08 16:55:37'),
(599, 'Admin', 'Clicked Inventory List Side Nav', '2025-07-08 16:55:38'),
(600, 'Admin', 'Clicked Inventory Dropdown Side Nav', '2025-07-08 17:01:17'),
(601, 'Admin', 'Clicked Inventory Dropdown Side Nav', '2025-07-08 17:01:17'),
(602, 'Admin', 'Clicked Inventory Dropdown Side Nav', '2025-07-08 17:01:17'),
(603, 'Admin', 'Clicked Inventory List Side Nav', '2025-07-08 17:01:18'),
(604, 'Admin', 'Clicked Request Equipment Side Nav', '2025-07-08 17:01:18'),
(605, 'Admin', 'Clicked Request Equipment Side Nav', '2025-07-08 17:01:20'),
(606, 'Admin', 'Clicked Inventory List Side Nav', '2025-07-08 17:01:20'),
(607, 'Admin', 'Clicked Inventory Dropdown Side Nav', '2025-07-08 17:01:31'),
(608, 'Admin', 'Clicked Request Equipment Side Nav', '2025-07-08 17:01:37'),
(609, 'Admin', 'Clicked Inventory List Side Nav', '2025-07-08 17:01:37'),
(610, 'Admin', 'Clicked Request Equipment Side Nav', '2025-07-08 17:01:42'),
(611, 'Admin', 'Clicked Inventory List Side Nav', '2025-07-08 17:01:44'),
(612, 'Admin', 'Clicked Inventory Dropdown Side Nav', '2025-07-08 17:10:58'),
(613, 'Admin', 'Clicked Inventory Dropdown Side Nav', '2025-07-08 17:11:03'),
(614, 'Admin', 'Clicked Inventory List Side Nav', '2025-07-08 17:11:05'),
(615, 'Admin', 'Clicked Inventory Dropdown Side Nav', '2025-07-09 08:19:48'),
(616, 'Admin', 'Clicked Inventory List Side Nav', '2025-07-09 08:19:49'),
(617, 'Admin', 'Clicked Request Equipment Side Nav', '2025-07-09 08:19:50'),
(618, 'Admin', 'Clicked Inventory List Side Nav', '2025-07-09 08:19:52'),
(619, 'Admin', 'Clicked Request Equipment Side Nav', '2025-07-09 08:19:56'),
(620, 'Admin', 'Clicked Inventory List Side Nav', '2025-07-09 08:20:00'),
(621, 'Admin', 'Clicked Inventory List Side Nav', '2025-07-09 08:20:27'),
(622, 'Admin', 'Clicked Inventory List Side Nav', '2025-07-09 08:20:36'),
(623, 'Admin', 'Clicked Inventory List Side Nav', '2025-07-09 08:20:43'),
(624, 'Admin', 'Clicked Request Equipment Side Nav', '2025-07-09 08:20:45'),
(625, 'Admin', 'Clicked Inventory List Side Nav', '2025-07-09 08:21:47'),
(626, 'Admin', 'Clicked Inventory Dropdown Side Nav', '2025-07-09 08:23:48'),
(627, 'Admin', 'Clicked Inventory Dropdown Side Nav', '2025-07-09 08:23:51'),
(628, 'Admin', 'Clicked User Management Side Nav', '2025-07-09 08:23:51'),
(629, 'Admin', 'Clicked Inventory Dropdown Side Nav', '2025-07-09 08:23:54'),
(630, 'Admin', 'Clicked Inventory List Side Nav', '2025-07-09 08:23:55'),
(631, 'Admin', 'Clicked Inventory List Side Nav', '2025-07-09 08:23:58'),
(632, 'Admin', 'Clicked Inventory Dropdown Side Nav', '2025-07-09 08:24:34'),
(633, 'Admin', 'Clicked Inventory List Side Nav', '2025-07-09 08:24:35'),
(634, 'Admin', 'Clicked Inventory Dropdown Side Nav', '2025-07-09 08:34:45'),
(635, 'Admin', 'Clicked Inventory List Side Nav', '2025-07-09 08:34:46'),
(636, 'Admin', 'Clicked Inventory Dropdown Side Nav', '2025-07-09 08:48:59'),
(637, 'Admin', 'Clicked Request Equipment Side Nav', '2025-07-09 08:48:59'),
(638, 'Admin', 'Clicked Inventory List Side Nav', '2025-07-09 08:49:00'),
(639, 'Admin', 'Clicked Inventory Dropdown Side Nav', '2025-07-09 09:31:16'),
(640, 'Admin', 'Clicked Inventory List Side Nav', '2025-07-09 09:31:17'),
(641, 'Admin', 'Clicked Inventory Dropdown Side Nav', '2025-07-09 09:31:49'),
(642, 'Admin', 'Clicked Inventory List Side Nav', '2025-07-09 09:31:49'),
(643, 'Admin', 'Clicked Inventory List Side Nav', '2025-07-09 09:31:55'),
(644, 'Admin', 'Clicked Inventory Dropdown Side Nav', '2025-07-09 09:36:17'),
(645, 'Admin', 'Clicked Inventory List Side Nav', '2025-07-09 09:36:18'),
(646, 'Admin', 'Clicked Inventory List Side Nav', '2025-07-09 09:36:34'),
(647, 'Admin', 'Clicked Inventory Dropdown Side Nav', '2025-07-09 09:46:44'),
(648, 'Admin', 'Clicked Inventory List Side Nav', '2025-07-09 09:46:45'),
(649, 'Admin', 'Clicked Request Equipment Side Nav', '2025-07-09 09:47:09'),
(650, 'Admin', 'Clicked Inventory List Side Nav', '2025-07-09 09:47:11'),
(651, 'Admin', 'Clicked User Management Side Nav', '2025-07-09 09:48:02'),
(652, 'Admin', 'Clicked Inventory List Side Nav', '2025-07-09 09:48:04'),
(653, 'Admin', 'Clicked Request Equipment Side Nav', '2025-07-09 09:48:05'),
(654, 'Admin', 'Clicked Inventory List Side Nav', '2025-07-09 09:48:06'),
(655, 'Admin', 'Clicked Request Equipment Side Nav', '2025-07-09 09:48:07'),
(656, 'Admin', 'Clicked Request Equipment Side Nav', '2025-07-09 09:48:08'),
(657, 'Admin', 'Clicked Request Equipment Side Nav', '2025-07-09 09:48:09'),
(658, 'Admin', 'Clicked Inventory List Side Nav', '2025-07-09 09:50:28'),
(659, 'Admin', 'Clicked Inventory Dropdown Side Nav', '2025-07-09 10:05:03'),
(660, 'Admin', 'Clicked Inventory List Side Nav', '2025-07-09 10:05:04'),
(661, 'Admin', 'Clicked Inventory Dropdown Side Nav', '2025-07-09 10:16:50'),
(662, 'Admin', 'Clicked Inventory List Side Nav', '2025-07-09 10:16:51'),
(663, 'Admin', 'Clicked Inventory List Side Nav', '2025-07-09 10:16:53'),
(664, 'Admin', 'Clicked Inventory Dropdown Side Nav', '2025-07-09 10:43:34'),
(665, 'Admin', 'Clicked Inventory List Side Nav', '2025-07-09 10:43:35'),
(666, 'Admin', 'Clicked Inventory List Side Nav', '2025-07-09 10:43:37'),
(667, 'Admin', 'Clicked Inventory Dropdown Side Nav', '2025-07-09 10:43:49'),
(668, 'Admin', 'Clicked Inventory List Side Nav', '2025-07-09 10:43:49'),
(669, 'Admin', 'Clicked Inventory List Side Nav', '2025-07-09 10:43:53'),
(670, 'Admin', 'Clicked Inventory Dropdown Side Nav', '2025-07-09 10:54:10'),
(671, 'Admin', 'Clicked Inventory List Side Nav', '2025-07-09 10:54:11'),
(672, 'Admin', 'Clicked Inventory Dropdown Side Nav', '2025-07-09 10:55:03'),
(673, 'Admin', 'Clicked Inventory List Side Nav', '2025-07-09 10:55:11'),
(674, 'Admin', 'Clicked Inventory Dropdown Side Nav', '2025-07-09 10:56:51'),
(675, 'Admin', 'Clicked Inventory List Side Nav', '2025-07-09 10:56:52'),
(676, 'Admin', 'Clicked Inventory List Side Nav', '2025-07-09 10:56:55'),
(677, 'Admin', 'Clicked Inventory Dropdown Side Nav', '2025-07-09 11:13:03');
INSERT INTO `tbl_auditlog` (`auditlog_id`, `auditlog_empname`, `auditlog_action`, `auditlog_dateandtime`) VALUES
(678, 'Admin', 'Clicked Inventory List Side Nav', '2025-07-09 11:13:03'),
(679, 'Admin', 'Clicked Inventory Dropdown Side Nav', '2025-07-09 11:24:08'),
(680, 'Admin', 'Clicked Inventory List Side Nav', '2025-07-09 11:24:09'),
(681, 'Admin', 'Clicked Inventory Dropdown Side Nav', '2025-07-09 11:37:10'),
(682, 'Admin', 'Clicked Inventory List Side Nav', '2025-07-09 11:37:12'),
(683, 'Admin', 'Clicked Inventory List Side Nav', '2025-07-09 11:37:20'),
(684, 'Admin', 'Clicked Inventory Dropdown Side Nav', '2025-07-09 11:39:09'),
(685, 'Admin', 'Clicked Inventory List Side Nav', '2025-07-09 11:39:09'),
(686, 'Admin', 'Clicked Inventory List Side Nav', '2025-07-09 11:40:17'),
(687, 'Admin', 'Clicked Request Equipment Side Nav', '2025-07-09 11:40:18'),
(688, 'Admin', 'Clicked Request Equipment Side Nav', '2025-07-09 11:40:19'),
(689, 'Admin', 'Clicked Request Equipment Side Nav', '2025-07-09 11:40:39'),
(690, 'Admin', 'Clicked Inventory List Side Nav', '2025-07-09 11:40:40'),
(691, 'Admin', 'Clicked Inventory Dropdown Side Nav', '2025-07-09 11:43:01'),
(692, 'Admin', 'Clicked Request Equipment Side Nav', '2025-07-09 11:43:01'),
(693, 'Admin', 'Clicked Request Equipment Side Nav', '2025-07-09 11:43:03'),
(694, 'Admin', 'Clicked Request Equipment Side Nav', '2025-07-09 11:43:05'),
(695, 'Admin', 'Clicked Inventory Dropdown Side Nav', '2025-07-09 11:44:05'),
(696, 'Admin', 'Clicked Request Equipment Side Nav', '2025-07-09 11:44:10'),
(697, 'Admin', 'Clicked Request Equipment Side Nav', '2025-07-09 11:44:12'),
(698, 'Admin', 'Clicked Request Equipment Side Nav', '2025-07-09 11:44:12'),
(699, 'Admin', 'Clicked search item option', '2025-07-09 11:51:33'),
(700, 'Admin', 'Clicked search item option', '2025-07-09 11:51:34'),
(701, 'Admin', 'Clicked Inventory Dropdown Side Nav', '2025-07-09 11:51:37'),
(702, 'Admin', 'Clicked Inventory List Side Nav', '2025-07-09 11:51:38'),
(703, 'Admin', 'Clicked Request Equipment Side Nav', '2025-07-09 11:51:39'),
(704, 'Admin', 'Clicked Request Equipment Side Nav', '2025-07-09 11:51:48'),
(705, 'Admin', 'Clicked Request Equipment Side Nav', '2025-07-09 11:51:49'),
(706, 'Admin', 'Clicked search item option', '2025-07-09 11:51:51'),
(707, 'Admin', 'Clicked Inventory Dropdown Side Nav', '2025-07-09 11:51:52'),
(708, 'Admin', 'Clicked Inventory List Side Nav', '2025-07-09 11:51:53'),
(709, 'Admin', 'Clicked Request Equipment Side Nav', '2025-07-09 11:51:53'),
(710, 'Admin', 'Clicked Dashboard Side Nav', '2025-07-09 11:52:13'),
(711, 'Admin', 'Clicked Inventory Dropdown Side Nav', '2025-07-09 11:52:14'),
(712, 'Admin', 'Clicked Inventory List Side Nav', '2025-07-09 11:52:15'),
(713, 'Admin', 'Clicked Request Equipment Side Nav', '2025-07-09 11:52:16'),
(714, 'Admin', 'Clicked Request Equipment Side Nav', '2025-07-09 11:52:17'),
(715, 'Admin', 'Clicked Request Equipment Side Nav', '2025-07-09 11:52:18'),
(716, 'Admin', 'Clicked Request Equipment Side Nav', '2025-07-09 11:52:18'),
(717, 'Admin', 'Clicked Request Equipment Side Nav', '2025-07-09 11:52:18'),
(718, 'Admin', 'Clicked Request Equipment Side Nav', '2025-07-09 11:52:19'),
(719, 'Admin', 'Clicked Request Equipment Side Nav', '2025-07-09 11:52:19'),
(720, 'Admin', 'Clicked Request Equipment Side Nav', '2025-07-09 11:52:19'),
(721, 'Admin', 'Clicked Request Equipment Side Nav', '2025-07-09 11:52:19'),
(722, 'Admin', 'Clicked Request Equipment Side Nav', '2025-07-09 11:52:19'),
(723, 'Admin', 'Clicked Request Equipment Side Nav', '2025-07-09 11:52:21'),
(724, 'Admin', 'Clicked Request Equipment Side Nav', '2025-07-09 11:52:21'),
(725, 'Admin', 'Clicked Inventory Dropdown Side Nav', '2025-07-09 11:52:36'),
(726, 'Admin', 'Clicked Inventory List Side Nav', '2025-07-09 11:52:37'),
(727, 'Admin', 'Clicked Request Equipment Side Nav', '2025-07-09 11:52:37'),
(728, 'Admin', 'Clicked Request Equipment Side Nav', '2025-07-09 11:52:41'),
(729, 'Admin', 'Clicked Request Equipment Side Nav', '2025-07-09 11:52:42'),
(730, 'Admin', 'Clicked Request Equipment Side Nav', '2025-07-09 11:52:43'),
(731, 'Admin', 'Clicked Request Equipment Side Nav', '2025-07-09 11:52:43'),
(732, 'Admin', 'Clicked Request Equipment Side Nav', '2025-07-09 11:52:43'),
(733, 'Admin', 'Clicked Request Equipment Side Nav', '2025-07-09 11:52:43'),
(734, 'Admin', 'Clicked search item option', '2025-07-09 11:53:28'),
(735, 'Admin', 'Clicked Inventory Dropdown Side Nav', '2025-07-09 11:53:29'),
(736, 'Admin', 'Clicked Inventory List Side Nav', '2025-07-09 11:53:29'),
(737, 'Admin', 'Clicked Request Equipment Side Nav', '2025-07-09 11:53:30'),
(738, 'Admin', 'Clicked Inventory List Side Nav', '2025-07-09 11:53:30'),
(739, 'Admin', 'Clicked Inventory Dropdown Side Nav', '2025-07-09 11:53:34'),
(740, 'Admin', 'Clicked Request Equipment Side Nav', '2025-07-09 11:53:34'),
(741, 'Admin', 'Clicked Request Equipment Side Nav', '2025-07-09 11:53:36'),
(742, 'Admin', 'Clicked Request Equipment Side Nav', '2025-07-09 11:53:36'),
(743, 'Admin', 'Clicked Request Equipment Side Nav', '2025-07-09 11:53:36'),
(744, 'Admin', 'Clicked Request Equipment Side Nav', '2025-07-09 11:53:36'),
(745, 'Admin', 'Clicked search item option', '2025-07-09 11:54:57'),
(746, 'Admin', 'Clicked Inventory Dropdown Side Nav', '2025-07-09 11:55:09'),
(747, 'Admin', 'Clicked Inventory List Side Nav', '2025-07-09 11:55:10'),
(748, 'Admin', 'Clicked Request Equipment Side Nav', '2025-07-09 11:55:24'),
(749, 'Admin', 'Clicked Request Equipment Side Nav', '2025-07-09 11:55:31'),
(750, 'Admin', 'Clicked Inventory Dropdown Side Nav', '2025-07-09 11:56:01'),
(751, 'Admin', 'Clicked Request Equipment Side Nav', '2025-07-09 11:56:02'),
(752, 'Admin', 'Clicked Inventory List Side Nav', '2025-07-09 11:56:03'),
(753, 'Admin', 'Clicked Request Equipment Side Nav', '2025-07-09 11:56:05'),
(754, 'Admin', 'Clicked Request Equipment Side Nav', '2025-07-09 11:56:41'),
(755, 'Admin', 'Clicked Request Equipment Side Nav', '2025-07-09 11:56:42'),
(756, 'Admin', 'Clicked Request Equipment Side Nav', '2025-07-09 11:56:43'),
(757, 'Admin', 'Clicked Inventory Dropdown Side Nav', '2025-07-09 11:59:15'),
(758, 'Admin', 'Clicked Request Equipment Side Nav', '2025-07-09 11:59:16'),
(759, 'Admin', 'Clicked Inventory List Side Nav', '2025-07-09 11:59:16'),
(760, 'Admin', 'Clicked Request Equipment Side Nav', '2025-07-09 11:59:17'),
(761, 'Admin', 'Clicked Request Equipment Side Nav', '2025-07-09 11:59:18'),
(762, 'Admin', 'Clicked Request Equipment Side Nav', '2025-07-09 11:59:19'),
(763, 'Admin', 'Clicked Request Equipment Side Nav', '2025-07-09 11:59:19'),
(764, 'Admin', 'Clicked Request Equipment Side Nav', '2025-07-09 11:59:19'),
(765, 'Admin', 'Clicked Request Equipment Side Nav', '2025-07-09 11:59:19'),
(766, 'Admin', 'Clicked Request Equipment Side Nav', '2025-07-09 11:59:19'),
(767, 'Admin', 'Clicked Request Equipment Side Nav', '2025-07-09 11:59:19'),
(768, 'Admin', 'Clicked Request Equipment Side Nav', '2025-07-09 11:59:20'),
(769, 'Admin', 'Clicked Request Equipment Side Nav', '2025-07-09 11:59:20'),
(770, 'Admin', 'Clicked Request Equipment Side Nav', '2025-07-09 11:59:20'),
(771, 'Admin', 'Clicked Request Equipment Side Nav', '2025-07-09 11:59:20'),
(772, 'Admin', 'Clicked Request Equipment Side Nav', '2025-07-09 11:59:20'),
(773, 'Admin', 'Clicked Request Equipment Side Nav', '2025-07-09 11:59:21'),
(774, 'Admin', 'Clicked Request Equipment Side Nav', '2025-07-09 11:59:22'),
(775, 'Admin', 'Clicked search item option', '2025-07-09 11:59:44'),
(776, 'Admin', 'Clicked search item option', '2025-07-09 11:59:46'),
(777, 'Admin', 'Clicked search item option', '2025-07-09 12:00:07'),
(778, 'Admin', 'Clicked search item option', '2025-07-09 12:00:08'),
(779, 'Admin', 'Clicked search item option', '2025-07-09 12:00:09'),
(780, 'Admin', 'Clicked search item option', '2025-07-09 12:00:10'),
(781, 'Admin', 'Clicked Inventory Dropdown Side Nav', '2025-07-09 12:00:31'),
(782, 'Admin', 'Clicked Request Equipment Side Nav', '2025-07-09 12:00:31'),
(783, 'Admin', 'Clicked Inventory List Side Nav', '2025-07-09 12:00:32'),
(784, 'Admin', 'Clicked Request Equipment Side Nav', '2025-07-09 12:00:32'),
(785, 'Admin', 'Clicked Request Equipment Side Nav', '2025-07-09 12:00:33'),
(786, 'Admin', 'Clicked Request Equipment Side Nav', '2025-07-09 12:00:33'),
(787, 'Admin', 'Clicked Request Equipment Side Nav', '2025-07-09 12:00:33'),
(788, 'Admin', 'Clicked Request Equipment Side Nav', '2025-07-09 12:00:33'),
(789, 'Admin', 'Clicked Request Equipment Side Nav', '2025-07-09 12:00:35'),
(790, 'Admin', 'Clicked Inventory Dropdown Side Nav', '2025-07-09 13:31:55'),
(791, 'Admin', 'Clicked Inventory List Side Nav', '2025-07-09 13:31:56'),
(792, 'Admin', 'Clicked Request Equipment Side Nav', '2025-07-09 13:31:59'),
(793, 'Admin', 'Clicked search item option', '2025-07-09 13:32:00'),
(794, 'Admin', 'Clicked search item option', '2025-07-09 13:35:48'),
(795, 'Admin', 'Clicked search item option', '2025-07-09 13:35:54'),
(796, 'Admin', 'Clicked search item option', '2025-07-09 13:42:45'),
(797, 'Admin', 'Clicked Inventory Dropdown Side Nav', '2025-07-09 13:42:47'),
(798, 'Admin', 'Clicked Inventory List Side Nav', '2025-07-09 13:42:48'),
(799, 'Admin', 'Clicked Inventory List Side Nav', '2025-07-09 13:42:49'),
(800, 'Admin', 'Clicked Request Equipment Side Nav', '2025-07-09 13:42:49'),
(801, 'Admin', 'Clicked Request Equipment Side Nav', '2025-07-09 13:42:51'),
(802, 'Admin', 'Clicked Inventory Dropdown Side Nav', '2025-07-09 13:43:21'),
(803, 'Admin', 'Clicked Inventory List Side Nav', '2025-07-09 13:43:22'),
(804, 'Admin', 'Clicked Request Equipment Side Nav', '2025-07-09 13:43:22'),
(805, 'Admin', 'Clicked Request Equipment Side Nav', '2025-07-09 13:43:23'),
(806, 'Admin', 'Clicked Dashboard Side Nav', '2025-07-09 13:44:03'),
(807, 'Admin', 'Clicked Inventory Dropdown Side Nav', '2025-07-09 13:44:05'),
(808, 'Admin', 'Clicked Request Equipment Side Nav', '2025-07-09 13:44:06'),
(809, 'Admin', 'Clicked Inventory List Side Nav', '2025-07-09 13:44:06'),
(810, 'Admin', 'Clicked Request Equipment Side Nav', '2025-07-09 13:44:11'),
(811, 'Admin', 'Clicked Inventory List Side Nav', '2025-07-09 13:44:11'),
(812, 'Admin', 'Clicked Request Equipment Side Nav', '2025-07-09 13:44:11'),
(813, 'Admin', 'Clicked Inventory Dropdown Side Nav', '2025-07-09 13:47:24'),
(814, 'Admin', 'Clicked Request Equipment Side Nav', '2025-07-09 13:47:24'),
(815, 'Admin', 'Clicked search item option', '2025-07-09 13:47:26'),
(816, 'Admin', 'Clicked Inventory Dropdown Side Nav', '2025-07-09 13:47:46'),
(817, 'Admin', 'Clicked Request Equipment Side Nav', '2025-07-09 13:47:47'),
(818, 'Admin', 'Clicked Inventory List Side Nav', '2025-07-09 13:47:50'),
(819, 'Admin', 'Clicked search item option', '2025-07-09 13:48:04'),
(820, 'Admin', 'Clicked search item option', '2025-07-09 13:48:05'),
(821, 'Admin', 'Clicked search item option', '2025-07-09 13:48:05'),
(822, 'Admin', 'Clicked search item option', '2025-07-09 13:48:05'),
(823, 'Admin', 'Clicked search item option', '2025-07-09 13:48:05'),
(824, 'Admin', 'Clicked search item option', '2025-07-09 13:48:05'),
(825, 'Admin', 'Clicked search item option', '2025-07-09 13:48:06'),
(826, 'Admin', 'Clicked search item option', '2025-07-09 13:48:31'),
(827, 'Admin', 'Clicked search item option', '2025-07-09 13:48:50'),
(828, 'Admin', 'Clicked search item option', '2025-07-09 13:48:55'),
(829, 'Admin', 'Clicked search item option', '2025-07-09 13:48:56'),
(830, 'Admin', 'Clicked search item option', '2025-07-09 13:51:47'),
(831, 'Admin', 'Clicked search item option', '2025-07-09 13:52:39'),
(832, 'Admin', 'Clicked search item option', '2025-07-09 13:52:52'),
(833, 'Admin', 'Clicked search item option', '2025-07-09 13:52:53'),
(834, 'Admin', 'Clicked search item option', '2025-07-09 13:53:56'),
(835, 'Admin', 'Clicked proceed', '2025-07-09 13:54:07'),
(836, 'Admin', 'Clicked search item option', '2025-07-09 13:54:09'),
(837, 'Admin', 'Clicked search item option', '2025-07-09 13:54:53'),
(838, 'Admin', 'Clicked search item option', '2025-07-09 13:55:03'),
(839, 'Admin', 'Clicked search item option', '2025-07-09 13:55:08'),
(840, 'Admin', 'Clicked search item option', '2025-07-09 13:55:08'),
(841, 'Admin', 'Clicked search item option', '2025-07-09 13:55:08'),
(842, 'Admin', 'Clicked search item option', '2025-07-09 13:55:09'),
(843, 'Admin', 'Clicked search item option', '2025-07-09 13:55:09'),
(844, 'Admin', 'Clicked search item option', '2025-07-09 13:55:09'),
(845, 'Admin', 'Clicked Inventory Dropdown Side Nav', '2025-07-09 13:57:00'),
(846, 'Admin', 'Clicked Request Equipment Side Nav', '2025-07-09 13:57:01'),
(847, 'Admin', 'Clicked search item option', '2025-07-09 13:57:02'),
(848, 'Admin', 'Clicked Inventory List Side Nav', '2025-07-09 13:57:11'),
(849, 'Admin', 'Clicked Request Equipment Side Nav', '2025-07-09 13:57:19'),
(850, 'Admin', 'Clicked search item option', '2025-07-09 14:10:26'),
(851, 'Admin', 'Clicked search item option', '2025-07-09 14:10:31'),
(852, 'Admin', 'Clicked search item option', '2025-07-09 14:10:44'),
(853, 'Admin', 'Clicked search item option', '2025-07-09 14:10:45'),
(854, 'Admin', 'Clicked search item option', '2025-07-09 14:10:50'),
(855, 'Admin', 'Clicked Inventory Dropdown Side Nav', '2025-07-09 14:13:30'),
(856, 'Admin', 'Clicked Inventory List Side Nav', '2025-07-09 14:13:30'),
(857, 'Admin', 'Clicked Request Equipment Side Nav', '2025-07-09 14:13:31'),
(858, 'Admin', 'Clicked Inventory List Side Nav', '2025-07-09 14:13:33'),
(859, 'Admin', 'Clicked Inventory Dropdown Side Nav', '2025-07-09 14:13:51'),
(860, 'Admin', 'Clicked Inventory List Side Nav', '2025-07-09 14:13:52'),
(861, 'Admin', 'Clicked Request Equipment Side Nav', '2025-07-09 14:13:53'),
(862, 'Admin', 'Clicked Request Equipment Side Nav', '2025-07-09 14:13:54'),
(863, 'Admin', 'Clicked Request Equipment Side Nav', '2025-07-09 14:13:55'),
(864, 'Admin', 'Clicked Request Equipment Side Nav', '2025-07-09 14:13:55'),
(865, 'Admin', 'Clicked Request Equipment Side Nav', '2025-07-09 14:13:55'),
(866, 'Admin', 'Clicked Request Equipment Side Nav', '2025-07-09 14:13:55'),
(867, 'Admin', 'Clicked Inventory Dropdown Side Nav', '2025-07-09 14:19:27'),
(868, 'Admin', 'Clicked Inventory List Side Nav', '2025-07-09 14:19:28'),
(869, 'Admin', 'Clicked Request Equipment Side Nav', '2025-07-09 14:19:29'),
(870, 'Admin', 'Clicked Request Equipment Side Nav', '2025-07-09 14:19:32'),
(871, 'Admin', 'Clicked Request Equipment Side Nav', '2025-07-09 14:19:33'),
(872, 'Admin', 'Clicked Inventory Dropdown Side Nav', '2025-07-09 14:24:56'),
(873, 'Admin', 'Clicked Request Equipment Side Nav', '2025-07-09 14:24:58'),
(874, 'Admin', 'Clicked Inventory List Side Nav', '2025-07-09 14:24:59'),
(875, 'Admin', 'Clicked Request Equipment Side Nav', '2025-07-09 14:24:59'),
(876, 'Admin', 'Clicked Inventory List Side Nav', '2025-07-09 14:25:07'),
(877, 'Admin', 'Clicked Request Equipment Side Nav', '2025-07-09 14:25:08'),
(878, 'Admin', 'Clicked Inventory List Side Nav', '2025-07-09 14:25:09'),
(879, 'Admin', 'Clicked Inventory List Side Nav', '2025-07-09 14:26:11'),
(880, 'Admin', 'Clicked Inventory List Side Nav', '2025-07-09 14:31:40'),
(881, 'Admin', 'Clicked Request Equipment Side Nav', '2025-07-09 14:31:41'),
(882, 'Admin', 'Clicked Inventory List Side Nav', '2025-07-09 14:31:43'),
(883, 'Admin', 'Clicked Inventory Dropdown Side Nav', '2025-07-09 14:34:47'),
(884, 'Admin', 'Clicked Inventory List Side Nav', '2025-07-09 14:34:49'),
(885, 'Admin', 'Clicked Request Equipment Side Nav', '2025-07-09 14:34:49'),
(886, 'Admin', 'Clicked Inventory List Side Nav', '2025-07-09 14:34:50'),
(887, 'Admin', 'Clicked Inventory Dropdown Side Nav', '2025-07-09 15:02:09'),
(888, 'Admin', 'Clicked Inventory List Side Nav', '2025-07-09 15:02:10'),
(889, 'Admin', 'Clicked Inventory Dropdown Side Nav', '2025-07-09 15:02:27'),
(890, 'Admin', 'Clicked Request Equipment Side Nav', '2025-07-09 15:02:31'),
(891, 'Admin', 'Clicked Inventory List Side Nav', '2025-07-09 15:02:33'),
(892, 'Admin', 'Clicked Inventory List Side Nav', '2025-07-09 15:02:41'),
(893, 'Admin', 'Clicked Inventory Dropdown Side Nav', '2025-07-09 15:03:20'),
(894, 'Admin', 'Clicked Inventory List Side Nav', '2025-07-09 15:03:20'),
(895, 'Admin', 'Clicked Inventory Dropdown Side Nav', '2025-07-09 15:04:03'),
(896, 'Admin', 'Clicked Inventory List Side Nav', '2025-07-09 15:04:04'),
(897, 'Admin', 'Clicked Inventory List Side Nav', '2025-07-09 15:04:11'),
(898, 'Admin', 'Clicked Inventory Dropdown Side Nav', '2025-07-09 15:11:07'),
(899, 'Admin', 'Clicked Inventory List Side Nav', '2025-07-09 15:11:07'),
(900, 'Admin', 'Clicked Inventory Dropdown Side Nav', '2025-07-09 15:12:27'),
(901, 'Admin', 'Clicked Inventory List Side Nav', '2025-07-09 15:12:27'),
(902, 'Admin', 'Clicked Inventory Dropdown Side Nav', '2025-07-09 15:13:42'),
(903, 'Admin', 'Clicked Inventory List Side Nav', '2025-07-09 15:13:43'),
(904, 'Admin', 'Clicked Inventory Dropdown Side Nav', '2025-07-09 15:16:51'),
(905, 'Admin', 'Clicked Inventory List Side Nav', '2025-07-09 15:16:51'),
(906, 'Admin', 'Clicked Inventory List Side Nav', '2025-07-09 15:16:56'),
(907, 'Admin', 'Clicked Inventory Dropdown Side Nav', '2025-07-09 15:29:22'),
(908, 'Admin', 'Clicked Inventory List Side Nav', '2025-07-09 15:29:23'),
(909, 'Admin', 'Clicked Inventory List Side Nav', '2025-07-09 15:29:27'),
(910, 'Admin', 'Clicked Inventory List Side Nav', '2025-07-09 15:29:43'),
(911, 'Admin', 'Clicked Inventory Dropdown Side Nav', '2025-07-09 15:42:24'),
(912, 'Admin', 'Clicked Inventory List Side Nav', '2025-07-09 15:42:25'),
(913, 'Admin', 'Clicked Request Equipment Side Nav', '2025-07-09 15:42:26'),
(914, 'Admin', 'Clicked Inventory List Side Nav', '2025-07-09 15:42:26'),
(915, 'Admin', 'Clicked Request Equipment Side Nav', '2025-07-09 15:42:27'),
(916, 'Admin', 'Clicked Inventory List Side Nav', '2025-07-09 15:42:28'),
(917, 'Admin', 'Clicked Inventory List Side Nav', '2025-07-09 15:42:35'),
(918, 'Admin', 'Clicked Inventory Dropdown Side Nav', '2025-07-09 15:52:02'),
(919, 'Admin', 'Clicked Inventory List Side Nav', '2025-07-09 15:52:03'),
(920, 'Admin', 'Clicked Inventory List Side Nav', '2025-07-09 15:52:08'),
(921, 'Admin', 'Clicked Inventory Dropdown Side Nav', '2025-07-09 15:58:49'),
(922, 'Admin', 'Clicked Inventory List Side Nav', '2025-07-09 15:58:50'),
(923, 'Admin', 'Clicked Inventory Dropdown Side Nav', '2025-07-09 16:06:24'),
(924, 'Admin', 'Clicked Inventory List Side Nav', '2025-07-09 16:06:25'),
(925, 'Admin', 'Clicked Inventory List Side Nav', '2025-07-09 16:06:38'),
(926, 'Admin', 'Clicked Inventory Dropdown Side Nav', '2025-07-09 16:14:03'),
(927, 'Admin', 'Clicked Inventory List Side Nav', '2025-07-09 16:14:04'),
(928, 'Admin', 'Clicked Inventory List Side Nav', '2025-07-09 16:14:16'),
(929, 'Admin', 'Clicked Inventory Dropdown Side Nav', '2025-07-09 16:15:54'),
(930, 'Admin', 'Clicked Inventory List Side Nav', '2025-07-09 16:15:55'),
(931, 'Admin', 'Clicked Inventory List Side Nav', '2025-07-09 16:15:58'),
(932, 'Admin', 'Clicked Inventory Dropdown Side Nav', '2025-07-09 16:18:05'),
(933, 'Admin', 'Clicked Inventory List Side Nav', '2025-07-09 16:18:06'),
(934, 'Admin', 'Clicked Request Equipment Side Nav', '2025-07-09 16:18:20'),
(935, 'Admin', 'Clicked Inventory List Side Nav', '2025-07-09 16:18:20'),
(936, 'Admin', 'Clicked Inventory List Side Nav', '2025-07-09 16:18:26'),
(937, 'Admin', 'Clicked Inventory Dropdown Side Nav', '2025-07-09 16:23:28'),
(938, 'Admin', 'Clicked Inventory Dropdown Side Nav', '2025-07-09 16:23:28'),
(939, 'Admin', 'Clicked Inventory Dropdown Side Nav', '2025-07-09 16:23:28'),
(940, 'Admin', 'Clicked Inventory Dropdown Side Nav', '2025-07-09 16:23:31'),
(941, 'Admin', 'Clicked User Management Side Nav', '2025-07-09 16:23:32'),
(942, 'Admin', 'Clicked Inventory Dropdown Side Nav', '2025-07-09 16:23:32'),
(943, 'Admin', 'Clicked Inventory Dropdown Side Nav', '2025-07-09 16:23:33'),
(944, 'Admin', 'Clicked Inventory Dropdown Side Nav', '2025-07-09 16:23:34'),
(945, 'Admin', 'Clicked Inventory List Side Nav', '2025-07-09 16:23:35'),
(946, 'Admin', 'Clicked Inventory Dropdown Side Nav', '2025-07-09 16:29:50'),
(947, 'Admin', 'Clicked Inventory List Side Nav', '2025-07-09 16:29:50'),
(948, 'Admin', 'Clicked Request Equipment Side Nav', '2025-07-09 16:31:01'),
(949, 'Admin', 'Clicked search item option', '2025-07-09 16:31:04'),
(950, 'Admin', 'Clicked search item option', '2025-07-09 16:31:09'),
(951, 'Admin', 'Clicked search item option', '2025-07-09 16:31:13'),
(952, 'Admin', 'Clicked search item option', '2025-07-09 16:32:31'),
(953, 'Admin', 'Clicked search item option', '2025-07-09 16:32:31'),
(954, 'Admin', 'Clicked search item option', '2025-07-09 17:01:45'),
(955, 'Admin', 'Clicked search item option', '2025-07-09 17:01:50'),
(956, 'Admin', 'Clicked search item option', '2025-07-09 17:01:53'),
(957, 'Admin', 'Clicked search item option', '2025-07-09 17:03:17'),
(958, 'Admin', 'Clicked search item option', '2025-07-09 17:03:20'),
(959, 'Admin', 'Clicked search item option', '2025-07-09 17:04:29'),
(960, 'Admin', 'Clicked search item option', '2025-07-09 17:04:29'),
(961, 'Admin', 'Clicked Inventory Dropdown Side Nav', '2025-07-10 08:36:28'),
(962, 'Admin', 'Clicked Inventory List Side Nav', '2025-07-10 08:36:28'),
(963, 'Admin', 'Clicked Request Equipment Side Nav', '2025-07-10 08:36:29'),
(964, 'Admin', 'Clicked Inventory List Side Nav', '2025-07-10 08:36:30'),
(965, 'Admin', 'Clicked Request Equipment Side Nav', '2025-07-10 08:36:31'),
(966, 'Admin', 'Clicked Inventory List Side Nav', '2025-07-10 08:36:32'),
(967, 'Admin', 'Clicked Request Equipment Side Nav', '2025-07-10 08:36:53'),
(968, 'Admin', 'Clicked Inventory Dropdown Side Nav', '2025-07-10 08:37:10'),
(969, 'Admin', 'Clicked Request Equipment Side Nav', '2025-07-10 08:37:10'),
(970, 'Admin', 'Clicked Request Equipment Side Nav', '2025-07-10 08:37:12'),
(971, 'Admin', 'Clicked search item option', '2025-07-10 08:47:45'),
(972, 'Admin', 'Clicked search item option', '2025-07-10 08:47:47'),
(973, 'Admin', 'Clicked Inventory Dropdown Side Nav', '2025-07-10 08:47:56'),
(974, 'Admin', 'Clicked Inventory List Side Nav', '2025-07-10 08:47:56'),
(975, 'Admin', 'Clicked Request Equipment Side Nav', '2025-07-10 08:47:57'),
(976, 'Admin', 'Clicked Inventory List Side Nav', '2025-07-10 08:48:12'),
(977, 'Admin', 'Clicked Inventory List Side Nav', '2025-07-10 08:48:18'),
(978, 'Admin', 'Clicked Request Equipment Side Nav', '2025-07-10 08:48:22'),
(979, 'Admin', 'Clicked Inventory Dropdown Side Nav', '2025-07-10 08:51:28'),
(980, 'Admin', 'Clicked Inventory List Side Nav', '2025-07-10 08:51:28'),
(981, 'Admin', 'Clicked Request Equipment Side Nav', '2025-07-10 08:51:29'),
(982, 'Admin', 'Clicked Inventory List Side Nav', '2025-07-10 08:51:51'),
(983, 'Admin', 'Clicked Inventory List Side Nav', '2025-07-10 08:52:28'),
(984, 'Admin', 'Clicked Request Equipment Side Nav', '2025-07-10 08:56:29'),
(985, 'Admin', 'Clicked Inventory Dropdown Side Nav', '2025-07-10 08:56:35'),
(986, 'Admin', 'Clicked Inventory List Side Nav', '2025-07-10 08:56:36'),
(987, 'Admin', 'Clicked Request Equipment Side Nav', '2025-07-10 08:56:36'),
(988, 'Admin', 'Clicked Request Equipment Side Nav', '2025-07-10 08:56:38'),
(989, 'Admin', 'Clicked Request Equipment Side Nav', '2025-07-10 08:57:13'),
(990, 'Admin', 'Clicked Inventory List Side Nav', '2025-07-10 08:57:13'),
(991, 'Admin', 'Clicked Request Equipment Side Nav', '2025-07-10 08:57:22'),
(992, 'Admin', 'Clicked Request Equipment Side Nav', '2025-07-10 08:57:23'),
(993, 'Admin', 'Clicked Inventory List Side Nav', '2025-07-10 08:57:23'),
(994, 'Admin', 'Clicked Inventory Dropdown Side Nav', '2025-07-10 09:00:48'),
(995, 'Admin', 'Clicked Inventory List Side Nav', '2025-07-10 09:00:48'),
(996, 'Admin', 'Clicked Inventory List Side Nav', '2025-07-10 09:01:48'),
(997, 'Admin', 'Clicked Request Equipment Side Nav', '2025-07-10 09:01:48'),
(998, 'Admin', 'Clicked Request Equipment Side Nav', '2025-07-10 09:01:49'),
(999, 'Admin', 'Clicked Inventory List Side Nav', '2025-07-10 09:03:59'),
(1000, 'Admin', 'Clicked Inventory Dropdown Side Nav', '2025-07-10 09:04:07'),
(1001, 'Admin', 'Clicked Inventory List Side Nav', '2025-07-10 09:04:07'),
(1002, 'Admin', 'Clicked Inventory Dropdown Side Nav', '2025-07-10 09:04:10'),
(1003, 'Admin', 'Clicked Request Equipment Side Nav', '2025-07-10 09:04:11'),
(1004, 'Admin', 'Clicked Inventory Dropdown Side Nav', '2025-07-10 09:04:13'),
(1005, 'Admin', 'Clicked Inventory List Side Nav', '2025-07-10 09:04:14'),
(1006, 'Admin', 'Clicked Inventory Dropdown Side Nav', '2025-07-10 09:07:13'),
(1007, 'Admin', 'Clicked Inventory List Side Nav', '2025-07-10 09:07:13'),
(1008, 'Admin', 'Clicked Request Equipment Side Nav', '2025-07-10 09:07:14'),
(1009, 'Admin', 'Clicked Request Equipment Side Nav', '2025-07-10 09:07:15'),
(1010, 'Admin', 'Clicked Inventory List Side Nav', '2025-07-10 09:07:15'),
(1011, 'Admin', 'Clicked Inventory Dropdown Side Nav', '2025-07-10 09:27:59'),
(1012, 'Admin', 'Clicked Inventory List Side Nav', '2025-07-10 09:28:00'),
(1013, 'Admin', 'Clicked Inventory List Side Nav', '2025-07-10 09:28:03'),
(1014, 'Admin', 'Clicked Inventory Dropdown Side Nav', '2025-07-10 09:34:07'),
(1015, 'Admin', 'Clicked Inventory List Side Nav', '2025-07-10 09:34:08'),
(1016, 'Admin', 'Clicked Request Equipment Side Nav', '2025-07-10 09:35:15'),
(1017, 'Admin', 'Clicked Inventory List Side Nav', '2025-07-10 09:35:16'),
(1018, 'Admin', 'Clicked Inventory Dropdown Side Nav', '2025-07-10 09:40:18'),
(1019, 'Admin', 'Clicked Inventory Dropdown Side Nav', '2025-07-10 09:40:25'),
(1020, 'Admin', 'Clicked Inventory List Side Nav', '2025-07-10 09:40:25'),
(1021, 'Admin', 'Clicked Inventory Dropdown Side Nav', '2025-07-10 10:09:02'),
(1022, 'Admin', 'Clicked Inventory List Side Nav', '2025-07-10 10:09:03'),
(1023, 'Admin', 'Clicked Inventory Dropdown Side Nav', '2025-07-10 10:26:24'),
(1024, 'Admin', 'Clicked Inventory List Side Nav', '2025-07-10 10:26:25'),
(1025, 'Admin', 'Clicked Inventory Dropdown Side Nav', '2025-07-10 10:26:32'),
(1026, 'Admin', 'Clicked Inventory List Side Nav', '2025-07-10 10:26:33'),
(1027, 'Admin', 'Clicked Inventory Dropdown Side Nav', '2025-07-10 10:44:37'),
(1028, 'Admin', 'Clicked Inventory List Side Nav', '2025-07-10 10:44:38'),
(1029, 'Admin', 'Clicked Inventory Dropdown Side Nav', '2025-07-10 10:48:34'),
(1030, 'Admin', 'Clicked Inventory List Side Nav', '2025-07-10 10:48:35'),
(1031, 'Admin', 'Clicked Inventory Dropdown Side Nav', '2025-07-10 11:10:40'),
(1032, 'Admin', 'Clicked Inventory List Side Nav', '2025-07-10 11:10:41'),
(1033, 'Admin', 'Clicked Inventory Dropdown Side Nav', '2025-07-10 11:13:24'),
(1034, 'Admin', 'Clicked Inventory Dropdown Side Nav', '2025-07-10 11:43:24'),
(1035, 'Admin', 'Clicked Inventory List Side Nav', '2025-07-10 11:43:25'),
(1036, 'Admin', 'Clicked Inventory Dropdown Side Nav', '2025-07-10 11:55:00'),
(1037, 'Admin', 'Clicked Inventory List Side Nav', '2025-07-10 11:55:00'),
(1038, 'Admin', 'Clicked Request Equipment Side Nav', '2025-07-10 11:55:01'),
(1039, 'Admin', 'Clicked Request Equipment Side Nav', '2025-07-10 11:55:02'),
(1040, 'Admin', 'Clicked search item option', '2025-07-10 12:01:04'),
(1041, 'Admin', 'Clicked search item option', '2025-07-10 12:01:17'),
(1042, 'Admin', 'Clicked proceed', '2025-07-10 12:01:37'),
(1043, 'Admin', 'Clicked Inventory Dropdown Side Nav', '2025-07-10 12:01:44'),
(1044, 'Admin', 'Clicked Inventory Dropdown Side Nav', '2025-07-10 12:01:52'),
(1045, 'Admin', 'Clicked Inventory Dropdown Side Nav', '2025-07-10 12:02:08'),
(1046, 'Admin', 'Clicked Request Equipment Side Nav', '2025-07-10 12:02:35'),
(1047, 'Admin', 'Clicked Request Equipment Side Nav', '2025-07-10 12:02:37'),
(1048, 'Admin', 'Clicked Request Equipment Side Nav', '2025-07-10 12:02:44'),
(1049, 'Admin', 'Clicked Inventory List Side Nav', '2025-07-10 12:03:12'),
(1050, 'Admin', 'Clicked Inventory Dropdown Side Nav', '2025-07-10 12:03:30'),
(1051, 'Admin', 'Clicked Inventory Dropdown Side Nav', '2025-07-10 12:03:48'),
(1052, 'Admin', 'Clicked Inventory List Side Nav', '2025-07-10 12:03:48'),
(1053, 'Admin', 'Clicked Request Equipment Side Nav', '2025-07-10 12:03:49'),
(1054, 'Admin', 'Clicked Request Equipment Side Nav', '2025-07-10 12:03:50'),
(1055, 'Admin', 'Clicked Inventory List Side Nav', '2025-07-10 12:03:55'),
(1056, 'Admin', 'Clicked Request Equipment Side Nav', '2025-07-10 13:25:53'),
(1057, 'Admin', 'Clicked Request Equipment Side Nav', '2025-07-10 13:26:21'),
(1058, 'Admin', 'Clicked Inventory List Side Nav', '2025-07-10 13:26:23'),
(1059, 'Admin', 'Clicked Request Equipment Side Nav', '2025-07-10 13:26:23'),
(1060, 'Admin', 'Clicked Request Equipment Side Nav', '2025-07-10 13:26:24'),
(1061, 'Admin', 'Clicked Request Equipment Side Nav', '2025-07-10 13:26:29'),
(1062, 'Admin', 'Clicked Inventory List Side Nav', '2025-07-10 13:26:30'),
(1063, 'Admin', 'Clicked Inventory Dropdown Side Nav', '2025-07-10 13:26:57'),
(1064, 'Admin', 'Clicked Inventory List Side Nav', '2025-07-10 13:26:58'),
(1065, 'Admin', 'Clicked Inventory List Side Nav', '2025-07-10 13:28:35'),
(1066, 'Admin', 'Clicked Request Equipment Side Nav', '2025-07-10 13:28:39'),
(1067, 'Admin', 'Clicked Inventory List Side Nav', '2025-07-10 13:29:21'),
(1068, 'Admin', 'Clicked Inventory List Side Nav', '2025-07-10 13:30:01'),
(1069, 'Admin', 'Clicked Request Equipment Side Nav', '2025-07-10 13:32:01'),
(1070, 'Admin', 'Clicked Inventory List Side Nav', '2025-07-10 13:32:02'),
(1071, 'Admin', 'Clicked Inventory Dropdown Side Nav', '2025-07-10 13:46:45'),
(1072, 'Admin', 'Clicked Request Equipment Side Nav', '2025-07-10 13:46:56'),
(1073, 'Admin', 'Clicked search item option', '2025-07-10 13:46:57'),
(1074, 'Admin', 'Clicked Inventory Dropdown Side Nav', '2025-07-10 14:13:46'),
(1075, 'Admin', 'Clicked Inventory Dropdown Side Nav', '2025-07-10 14:16:44'),
(1076, 'Admin', 'Clicked Request Equipment Side Nav', '2025-07-10 14:16:45'),
(1077, 'Admin', 'Clicked search item option', '2025-07-10 14:16:49'),
(1078, 'Admin', 'Clicked search item option', '2025-07-10 14:16:50'),
(1079, 'Admin', 'Clicked Inventory List Side Nav', '2025-07-10 14:17:10'),
(1080, 'Admin', 'Clicked Request Equipment Side Nav', '2025-07-10 14:17:17'),
(1081, 'Admin', 'Clicked Inventory List Side Nav', '2025-07-10 14:17:17'),
(1082, 'Admin', 'Clicked Request Equipment Side Nav', '2025-07-10 14:17:27'),
(1083, 'Admin', 'Clicked Inventory Dropdown Side Nav', '2025-07-10 14:18:15'),
(1084, 'Admin', 'Clicked Inventory List Side Nav', '2025-07-10 14:18:18'),
(1085, 'Admin', 'Clicked Inventory List Side Nav', '2025-07-10 14:18:32'),
(1086, 'Admin', 'Clicked Request Equipment Side Nav', '2025-07-10 14:18:37'),
(1087, 'Admin', 'Clicked Inventory List Side Nav', '2025-07-10 14:18:37'),
(1088, 'Admin', 'Clicked Request Equipment Side Nav', '2025-07-10 14:18:38'),
(1089, 'Admin', 'Clicked Request Equipment Side Nav', '2025-07-10 14:19:09'),
(1090, 'Admin', 'Clicked Inventory List Side Nav', '2025-07-10 14:19:10'),
(1091, 'Admin', 'Clicked Inventory Dropdown Side Nav', '2025-07-10 14:39:36'),
(1092, 'Admin', 'Clicked Inventory List Side Nav', '2025-07-10 14:39:48'),
(1093, 'Admin', 'Clicked Request Equipment Side Nav', '2025-07-10 14:40:09'),
(1094, 'Admin', 'Clicked Inventory List Side Nav', '2025-07-10 14:40:10'),
(1095, 'Admin', 'Clicked User Management Side Nav', '2025-07-10 14:40:11'),
(1096, 'PRC -. CAR', 'Updated User Level of Rodulfo G. Dacocot : to Admin', '2025-07-10 14:45:27'),
(1097, 'Admin', 'Clicked Inventory Dropdown Side Nav', '2025-07-10 14:45:31'),
(1098, 'Admin', 'Clicked Request Equipment Side Nav', '2025-07-10 14:45:41'),
(1099, 'Admin', 'Clicked search item option', '2025-07-10 14:45:48'),
(1100, 'Admin', 'Clicked Inventory List Side Nav', '2025-07-10 14:46:18'),
(1101, 'Admin', 'Clicked Inventory List Side Nav', '2025-07-10 14:46:18'),
(1102, 'Admin', 'Clicked Request Equipment Side Nav', '2025-07-10 14:46:33'),
(1103, 'Admin', 'Clicked Inventory List Side Nav', '2025-07-10 14:47:13'),
(1104, 'Admin', 'Clicked Inventory List Side Nav', '2025-07-10 16:41:39'),
(1105, 'Admin', 'Clicked Inventory List Side Nav', '2025-07-10 16:41:46'),
(1106, 'Admin', 'Clicked Request Equipment Side Nav', '2025-07-10 16:41:57'),
(1107, 'Admin', 'Clicked User Management Side Nav', '2025-07-10 16:42:32'),
(1108, 'Admin', 'Clicked Inventory Dropdown Side Nav', '2025-07-10 16:42:33'),
(1109, 'Admin', 'Clicked Inventory Dropdown Side Nav', '2025-07-10 16:42:34'),
(1110, 'Admin', 'Clicked Inventory List Side Nav', '2025-07-10 16:42:35'),
(1111, 'Admin', 'Clicked User Management Side Nav', '2025-07-10 16:44:15'),
(1112, 'Admin', 'Clicked Inventory Dropdown Side Nav', '2025-07-10 16:44:17'),
(1113, 'Admin', 'Clicked Inventory List Side Nav', '2025-07-10 16:44:19'),
(1114, 'Admin', 'Clicked Inventory List Side Nav', '2025-07-10 16:44:30'),
(1115, 'Admin', 'Clicked Inventory List Side Nav', '2025-07-10 16:46:34'),
(1116, 'Admin', 'Clicked Inventory List Side Nav', '2025-07-10 16:48:24'),
(1117, 'Admin', 'Clicked Request Equipment Side Nav', '2025-07-10 16:48:32'),
(1118, 'Admin', 'Clicked Inventory List Side Nav', '2025-07-10 16:48:38'),
(1119, 'Admin', 'Clicked Inventory Dropdown Side Nav', '2025-07-10 16:49:05'),
(1120, 'Admin', 'Clicked Inventory Dropdown Side Nav', '2025-07-10 16:49:06'),
(1121, 'Admin', 'Clicked Inventory Dropdown Side Nav', '2025-07-10 16:49:07'),
(1122, 'Admin', 'Clicked Inventory Dropdown Side Nav', '2025-07-10 16:49:12'),
(1123, 'Admin', 'Clicked Inventory List Side Nav', '2025-07-10 16:49:14'),
(1124, 'Admin', 'Clicked Inventory Dropdown Side Nav', '2025-07-10 16:51:01'),
(1125, 'Admin', 'Clicked User Management Side Nav', '2025-07-10 16:51:03'),
(1126, 'Admin', 'Clicked Inventory Dropdown Side Nav', '2025-07-10 16:51:04'),
(1127, 'Admin', 'Clicked Inventory List Side Nav', '2025-07-10 16:51:05'),
(1128, 'Admin', 'Clicked Request Equipment Side Nav', '2025-07-10 16:52:12'),
(1129, 'Admin', 'Clicked Inventory List Side Nav', '2025-07-10 16:52:20'),
(1130, 'Admin', 'Clicked Inventory Dropdown Side Nav', '2025-07-11 08:10:58'),
(1131, 'Admin', 'Clicked Request Equipment Side Nav', '2025-07-11 08:10:59'),
(1132, 'Admin', 'Clicked Inventory List Side Nav', '2025-07-11 10:45:00'),
(1133, 'Admin', 'Clicked Request Equipment Side Nav', '2025-07-14 08:23:27'),
(1134, 'Admin', 'Clicked Inventory List Side Nav', '2025-07-14 08:23:29'),
(1135, 'Admin', 'Clicked User Management Side Nav', '2025-07-14 08:23:30'),
(1136, 'Admin', 'Clicked Dashboard Side Nav', '2025-07-14 08:23:32'),
(1137, 'Admin', 'Clicked Available Equipment card', '2025-07-14 08:24:20'),
(1138, 'Admin', 'Clicked Inventory List Side Nav', '2025-07-14 08:24:21'),
(1139, 'Admin', 'Clicked Request Equipment Side Nav', '2025-07-14 08:24:22'),
(1140, 'Admin', 'Clicked Inventory List Side Nav', '2025-07-14 08:24:23'),
(1141, 'Admin', 'Clicked Request Equipment Side Nav', '2025-07-14 08:24:48'),
(1142, 'Admin', 'Clicked Inventory List Side Nav', '2025-07-14 08:24:52'),
(1143, 'Admin', 'Clicked Inventory Dropdown Side Nav', '2025-07-14 08:29:34'),
(1144, 'Admin', 'Clicked Inventory Dropdown Side Nav', '2025-07-14 08:29:34'),
(1145, 'Admin', 'Clicked Inventory Dropdown Side Nav', '2025-07-14 09:24:04'),
(1146, 'Admin', 'Clicked Inventory List Side Nav', '2025-07-14 09:24:05'),
(1147, 'Admin', 'Clicked Inventory Dropdown Side Nav', '2025-07-14 09:38:45'),
(1148, 'Admin', 'Clicked Inventory List Side Nav', '2025-07-14 09:38:46'),
(1149, 'Admin', 'Clicked Inventory List Side Nav', '2025-07-14 09:38:48'),
(1150, 'Admin', 'Clicked Inventory List Side Nav', '2025-07-14 09:39:29'),
(1151, 'Admin', 'Clicked Inventory Dropdown Side Nav', '2025-07-14 09:41:56'),
(1152, 'Admin', 'Clicked Inventory List Side Nav', '2025-07-14 09:41:56'),
(1153, 'Admin', 'Clicked Inventory Dropdown Side Nav', '2025-07-14 09:44:35'),
(1154, 'Admin', 'Clicked Inventory List Side Nav', '2025-07-14 09:44:35'),
(1155, 'Admin', 'Clicked Inventory List Side Nav', '2025-07-14 09:44:41'),
(1156, 'Admin', 'Clicked Inventory List Side Nav', '2025-07-14 10:08:59'),
(1157, 'Admin', 'Clicked Inventory Dropdown Side Nav', '2025-07-14 10:09:04'),
(1158, 'Admin', 'Clicked Inventory List Side Nav', '2025-07-14 10:09:05'),
(1159, 'Admin', 'Clicked Inventory List Side Nav', '2025-07-14 10:09:05'),
(1160, 'Admin', 'Clicked Inventory Dropdown Side Nav', '2025-07-14 10:20:10'),
(1161, 'Admin', 'Clicked Inventory List Side Nav', '2025-07-14 10:20:11'),
(1162, 'Admin', 'Clicked Inventory Dropdown Side Nav', '2025-07-14 10:42:06'),
(1163, 'Admin', 'Clicked Inventory List Side Nav', '2025-07-14 10:42:07'),
(1164, 'Admin', 'Clicked Inventory List Side Nav', '2025-07-14 10:42:10'),
(1165, 'Admin', 'Clicked Request Equipment Side Nav', '2025-07-14 10:42:13'),
(1166, 'Admin', 'Clicked Inventory List Side Nav', '2025-07-14 10:42:14'),
(1167, 'Admin', 'Clicked Inventory List Side Nav', '2025-07-14 10:42:14'),
(1168, 'Admin', 'Clicked Inventory Dropdown Side Nav', '2025-07-14 10:48:55'),
(1169, 'Admin', 'Clicked Inventory List Side Nav', '2025-07-14 10:48:56'),
(1170, 'Admin', 'Clicked Inventory Dropdown Side Nav', '2025-07-14 11:02:07'),
(1171, 'Admin', 'Clicked Inventory List Side Nav', '2025-07-14 11:02:07'),
(1172, 'Admin', 'Clicked Inventory Dropdown Side Nav', '2025-07-14 11:09:11'),
(1173, 'Admin', 'Clicked Inventory List Side Nav', '2025-07-14 11:09:12'),
(1174, 'Admin', 'Clicked Inventory Dropdown Side Nav', '2025-07-14 11:21:56'),
(1175, 'Admin', 'Clicked Request Equipment Side Nav', '2025-07-14 11:21:57'),
(1176, 'Admin', 'Clicked Inventory List Side Nav', '2025-07-14 11:21:57'),
(1177, 'Admin', 'Clicked Inventory List Side Nav', '2025-07-14 11:22:00'),
(1178, 'Admin', 'Clicked Request Equipment Side Nav', '2025-07-14 11:22:00'),
(1179, 'Admin', 'Clicked Inventory List Side Nav', '2025-07-14 11:22:01'),
(1180, 'Admin', 'Clicked Inventory List Side Nav', '2025-07-14 11:26:31'),
(1181, 'Admin', 'Clicked Inventory Dropdown Side Nav', '2025-07-14 14:23:14'),
(1182, 'Admin', 'Clicked Request Equipment Side Nav', '2025-07-14 14:23:23'),
(1183, 'Admin', 'Clicked Inventory List Side Nav', '2025-07-14 14:23:25'),
(1184, 'Admin', 'Clicked Request Equipment Side Nav', '2025-07-14 14:23:25'),
(1185, 'Admin', 'Clicked Inventory List Side Nav', '2025-07-14 14:23:26'),
(1186, 'Admin', 'Clicked Request Equipment Side Nav', '2025-07-14 14:23:27'),
(1187, 'Admin', 'Clicked Request Equipment Side Nav', '2025-07-14 14:23:40'),
(1188, 'Admin', 'Clicked Inventory Dropdown Side Nav', '2025-07-14 14:32:21'),
(1189, 'Admin', 'Clicked Inventory List Side Nav', '2025-07-14 14:32:23'),
(1190, 'Admin', 'Clicked Inventory Dropdown Side Nav', '2025-07-14 14:39:12'),
(1191, 'Admin', 'Clicked Inventory Dropdown Side Nav', '2025-07-14 17:02:41'),
(1192, 'Admin', 'Clicked Request Equipment Side Nav', '2025-07-14 17:02:41'),
(1193, 'Admin', 'Clicked Inventory List Side Nav', '2025-07-14 17:02:42'),
(1194, 'Admin', 'Clicked Request Equipment Side Nav', '2025-07-14 17:02:43'),
(1195, 'Admin', 'Clicked Inventory List Side Nav', '2025-07-14 17:02:43'),
(1196, 'Admin', 'Clicked Inventory Dropdown Side Nav', '2025-07-16 08:48:23'),
(1197, 'Admin', 'Clicked Inventory List Side Nav', '2025-07-16 08:48:24'),
(1198, 'Admin', 'Clicked Request Equipment Side Nav', '2025-07-16 08:48:25'),
(1199, 'Admin', 'Clicked Inventory List Side Nav', '2025-07-16 08:48:26'),
(1200, 'Admin', 'Clicked Inventory Dropdown Side Nav', '2025-07-16 08:48:31'),
(1201, 'Admin', 'Clicked Inventory List Side Nav', '2025-07-16 08:48:31'),
(1202, 'Admin', 'Clicked Inventory Dropdown Side Nav', '2025-07-16 09:18:05'),
(1203, 'Admin', 'Clicked Inventory List Side Nav', '2025-07-16 09:18:05'),
(1204, 'Admin', 'Clicked Inventory Dropdown Side Nav', '2025-07-16 10:23:49'),
(1205, 'Admin', 'Clicked Inventory List Side Nav', '2025-07-16 10:23:50'),
(1206, 'Admin', 'Clicked Inventory Dropdown Side Nav', '2025-07-16 10:28:40'),
(1207, 'Admin', 'Clicked Inventory List Side Nav', '2025-07-16 10:28:40'),
(1208, 'Admin', 'Clicked Inventory Dropdown Side Nav', '2025-07-16 10:40:09'),
(1209, 'Admin', 'Clicked Inventory List Side Nav', '2025-07-16 10:40:10'),
(1210, 'Admin', 'Clicked Inventory Dropdown Side Nav', '2025-07-16 11:00:08'),
(1211, 'Admin', 'Clicked Inventory List Side Nav', '2025-07-16 11:00:08'),
(1212, 'Admin', 'Clicked Inventory Dropdown Side Nav', '2025-07-16 11:04:46'),
(1213, 'Admin', 'Clicked Inventory List Side Nav', '2025-07-16 11:04:47'),
(1214, 'Admin', 'Clicked Inventory Dropdown Side Nav', '2025-07-16 11:39:59'),
(1215, 'Admin', 'Clicked Inventory List Side Nav', '2025-07-16 11:40:01'),
(1216, 'Admin', 'Clicked Inventory Dropdown Side Nav', '2025-07-16 13:08:42'),
(1217, 'Admin', 'Clicked Inventory List Side Nav', '2025-07-16 13:08:43'),
(1218, 'Admin', 'Clicked Inventory Dropdown Side Nav', '2025-07-16 13:14:33'),
(1219, 'Admin', 'Clicked Inventory List Side Nav', '2025-07-16 13:14:34'),
(1220, 'Admin', 'Clicked Inventory Dropdown Side Nav', '2025-07-16 13:25:32'),
(1221, 'Admin', 'Clicked Inventory List Side Nav', '2025-07-16 13:25:33'),
(1222, 'Admin', 'Clicked Inventory Dropdown Side Nav', '2025-07-16 13:25:49'),
(1223, 'Admin', 'Clicked Inventory List Side Nav', '2025-07-16 13:25:50'),
(1224, 'Admin', 'Clicked Inventory List Side Nav', '2025-07-16 13:25:54'),
(1225, 'Admin', 'Clicked Inventory List Side Nav', '2025-07-16 13:25:55'),
(1226, 'Admin', 'Clicked Inventory Dropdown Side Nav', '2025-07-17 10:10:24'),
(1227, 'Admin', 'Clicked Inventory List Side Nav', '2025-07-17 10:10:25'),
(1228, 'Admin', 'Clicked Request Equipment Side Nav', '2025-07-17 10:10:25'),
(1229, 'Admin', 'Clicked Inventory List Side Nav', '2025-07-17 10:10:26'),
(1230, 'Admin', 'Clicked Request Equipment Side Nav', '2025-07-17 10:10:27'),
(1231, 'Admin', 'Clicked Request Equipment Side Nav', '2025-07-17 10:10:30'),
(1232, 'Admin', 'Clicked Inventory List Side Nav', '2025-07-17 10:10:30'),
(1233, 'Admin', 'Clicked Inventory Dropdown Side Nav', '2025-07-17 10:24:22'),
(1234, 'Admin', 'Clicked Inventory Dropdown Side Nav', '2025-07-17 10:24:23'),
(1235, 'Admin', 'Clicked Inventory Dropdown Side Nav', '2025-07-17 10:31:32'),
(1236, 'Admin', 'Clicked Inventory Dropdown Side Nav', '2025-07-17 10:56:46'),
(1237, 'Admin', 'Clicked Inventory List Side Nav', '2025-07-17 10:56:47');

-- --------------------------------------------------------

--
-- Table structure for table `tbl_borrow_request`
--

CREATE TABLE `tbl_borrow_request` (
  `breq_id` int(11) NOT NULL,
  `breq_token` varchar(255) NOT NULL,
  `emp_name` varchar(255) NOT NULL,
  `breq_status` int(1) NOT NULL,
  `breq_date` varchar(255) NOT NULL,
  `breq_decisiondate` varchar(255) NOT NULL,
  `breq_remarks` varchar(255) NOT NULL,
  `breq_signature` varchar(255) NOT NULL
) ENGINE=InnoDB DEFAULT CHARSET=utf8mb4 COLLATE=utf8mb4_general_ci;

--
-- Dumping data for table `tbl_borrow_request`
--

INSERT INTO `tbl_borrow_request` (`breq_id`, `breq_token`, `emp_name`, `breq_status`, `breq_date`, `breq_decisiondate`, `breq_remarks`, `breq_signature`) VALUES
(1, 'PRC-000001', 'Josh', 5, '2025-07-02 09:32:18', '2025-07-03 08:29:31', 'Borrow', 'signatures/PRC-000001.png'),
(2, 'PRC-000002', 'Josh', 5, '2025-07-03 14:08:30', '2025-07-03 14:40:56', 'FOR PRINTING', 'signatures/PRC-000002.png'),
(3, 'PRC-000003', 'JADE', 5, '2025-07-03 14:40:22', '2025-07-03 14:40:52', 'For borrowing', 'signatures/PRC-000003.png'),
(4, 'PRC-000004', 'Josh', 5, '2025-07-04 08:29:08', '2025-07-04 09:21:41', 'For gaming', 'signatures/PRC-000004.png'),
(5, 'PRC-000005', 'Joshi', 5, '2025-07-07 11:55:12', '2025-07-07 11:55:37', 'Borrow', 'signatures/PRC-000005.png'),
(6, 'PRC-000006', 'Joshig', 5, '2025-07-07 16:45:36', '2025-07-07 16:46:05', 'Mobile', 'signatures/PRC-000006.png'),
(7, 'PRC-000007', 'JADE', 5, '2025-07-10 12:01:42', '2025-07-10 12:02:05', 'For cleaning toilet', 'signatures/PRC-000007.png'),
(8, 'PRC-000008', 'ADAM', 5, '2025-07-10 12:03:10', '2025-07-10 12:03:43', 'For gaming', 'signatures/PRC-000008.png'),
(9, 'PRC-000009', 'Josh', 4, '2025-07-10 14:18:03', '2025-07-10 14:18:12', 'For cleaning FAD CR', 'signatures/PRC-000009.png'),
(10, 'PRC-000010', 'rod', 3, '2025-07-10 14:47:02', '', 'CLEANINGGGGGGGG', 'signatures/PRC-000010.png');

-- --------------------------------------------------------

--
-- Table structure for table `tbl_borrow_request_items`
--

CREATE TABLE `tbl_borrow_request_items` (
  `br_item_id` int(11) NOT NULL,
  `breq_token` varchar(255) NOT NULL,
  `inv_id` int(11) NOT NULL,
  `is_approved` int(1) NOT NULL,
  `borrowed_date` varchar(255) NOT NULL,
  `returned_date` varchar(255) NOT NULL,
  `returner_name` varchar(255) DEFAULT NULL
) ENGINE=InnoDB DEFAULT CHARSET=utf8mb4 COLLATE=utf8mb4_general_ci;

--
-- Dumping data for table `tbl_borrow_request_items`
--

INSERT INTO `tbl_borrow_request_items` (`br_item_id`, `breq_token`, `inv_id`, `is_approved`, `borrowed_date`, `returned_date`, `returner_name`) VALUES
(1, 'PRC-000001', 985, 1, '2025-07-03 08:29:12', '2025-07-03 08:29:31', 'Ma\'am G'),
(2, 'PRC-000002', 984, 1, '2025-07-03 14:08:40', '2025-07-03 14:40:56', 'Ma\'am GG'),
(3, 'PRC-000003', 985, 1, '2025-07-03 14:40:30', '2025-07-03 14:40:52', 'Ma\'am G'),
(4, 'PRC-000004', 984, 1, '2025-07-04 08:29:23', '2025-07-04 09:21:41', 'Ma\'am G'),
(5, 'PRC-000005', 984, 1, '2025-07-07 11:55:20', '2025-07-07 11:55:37', 'Ma\'am GX'),
(6, 'PRC-000006', 984, 1, '2025-07-07 16:45:46', '2025-07-07 16:46:05', 'Ma\'am GXG'),
(7, 'PRC-000007', 4, 1, '2025-07-10 12:01:50', '2025-07-10 12:02:05', 'Ma\'am G'),
(8, 'PRC-000008', 985, 1, '2025-07-10 12:03:27', '2025-07-10 12:03:43', 'Ma\'am GXG');

-- --------------------------------------------------------

--
-- Table structure for table `tbl_consumable_requests`
--

CREATE TABLE `tbl_consumable_requests` (
  `request_id` int(11) NOT NULL,
  `item_type_id` int(11) NOT NULL,
  `user_id` int(11) NOT NULL,
  `quantity_requested` int(11) NOT NULL,
  `reason` text NOT NULL,
  `status` varchar(50) NOT NULL DEFAULT 'Pending',
  `request_date` timestamp NOT NULL DEFAULT current_timestamp()
) ENGINE=InnoDB DEFAULT CHARSET=utf8mb4 COLLATE=utf8mb4_general_ci;

-- --------------------------------------------------------

--
-- Table structure for table `tbl_consumed_items`
--

CREATE TABLE `tbl_consumed_items` (
  `id` int(11) NOT NULL,
  `inv_id` int(11) NOT NULL,
  `quantity` int(11) NOT NULL,
  `consumed_by` varchar(255) NOT NULL,
  `date_consumed` datetime NOT NULL
) ENGINE=InnoDB DEFAULT CHARSET=utf8mb4 COLLATE=utf8mb4_general_ci;

-- --------------------------------------------------------

--
-- Table structure for table `tbl_inv`
--

CREATE TABLE `tbl_inv` (
  `inv_id` int(11) NOT NULL,
  `type_id` int(3) NOT NULL,
  `inv_serialno` varchar(255) NOT NULL,
  `inv_propno` varchar(255) NOT NULL,
  `inv_propname` varchar(255) NOT NULL,
  `inv_price` decimal(12,2) DEFAULT 0.00,
  `inv_status` varchar(255) NOT NULL,
  `inv_bnm` varchar(255) NOT NULL,
  `inv_date_added` varchar(255) DEFAULT NULL,
  `date_acquired` date DEFAULT NULL,
  `price` decimal(10,2) DEFAULT 0.00,
  `condition` varchar(255) DEFAULT 'New',
  `inv_quantity` int(11) NOT NULL,
  `end_user` varchar(255) NOT NULL,
  `accounted_to` varchar(255) NOT NULL
) ENGINE=InnoDB DEFAULT CHARSET=utf8mb4 COLLATE=utf8mb4_general_ci;

--
-- Dumping data for table `tbl_inv`
--

INSERT INTO `tbl_inv` (`inv_id`, `type_id`, `inv_serialno`, `inv_propno`, `inv_propname`, `inv_price`, `inv_status`, `inv_bnm`, `inv_date_added`, `date_acquired`, `price`, `condition`, `inv_quantity`, `end_user`, `accounted_to`) VALUES
(984, 1, '09123X-123D', 'PO123', 'REGULATION', 0.00, '1', 'Altech Y-2019', 'July 02, 2025 08:34 AM', '2025-07-02', 20000.00, 'New', 0, '', 'Ma\'am Y'),
(985, 1, '09123X-1233', 'PO125', 'Regulation', 0.00, '1', 'Altech Y-2019', 'July 02, 2025 09:03 AM', '2025-07-16', 20000.00, 'Good', 0, '', 'Ma\'am Z'),
(987, 2, '09123X-123312', 'PO12578', 'Regulation', 0.00, '6', 'Altech Y-2019', 'July 08, 2025 03:49 PM', NULL, 30000.00, 'New', 0, 'Gason', 'Ma\'am Z'),
(991, 1, '09123X-1233123', 'PO125', 'FAD', 0.00, '1', 'Altechyy Y-2019', 'July 09, 2025 10:55 AM', NULL, 0.00, 'New', 1, '', '');

-- --------------------------------------------------------

--
-- Table structure for table `tbl_inv_consumables`
--

CREATE TABLE `tbl_inv_consumables` (
  `inv_id` int(11) NOT NULL,
  `stock_number` varchar(255) DEFAULT NULL,
  `acceptance_date` date DEFAULT NULL,
  `ris_no` varchar(50) DEFAULT NULL,
  `item_description` varchar(255) DEFAULT NULL,
  `unit` varchar(100) DEFAULT NULL,
  `receipt` int(11) DEFAULT 0,
  `issuance` int(11) DEFAULT 0,
  `end_user_issuance` varchar(255) DEFAULT NULL,
  `type_id` int(11) DEFAULT 0
) ENGINE=InnoDB DEFAULT CHARSET=utf8mb4 COLLATE=utf8mb4_general_ci;

--
-- Dumping data for table `tbl_inv_consumables`
--

INSERT INTO `tbl_inv_consumables` (`inv_id`, `stock_number`, `acceptance_date`, `ris_no`, `item_description`, `unit`, `receipt`, `issuance`, `end_user_issuance`, `type_id`) VALUES
(9, NULL, '2025-07-02', '1234567', 'big boxesss', 'box', 100, 0, 'FAD 3', 0),
(10, NULL, '2025-07-03', '5684', 'Pen Pen ball point pen', 'Box', 100, 50, '', 0);

-- --------------------------------------------------------

--
-- Table structure for table `tbl_type`
--

CREATE TABLE `tbl_type` (
  `type_id` int(3) NOT NULL,
  `type_name` varchar(255) NOT NULL,
  `type_origin` varchar(14) NOT NULL
) ENGINE=InnoDB DEFAULT CHARSET=utf8mb4 COLLATE=utf8mb4_general_ci;

--
-- Dumping data for table `tbl_type`
--

INSERT INTO `tbl_type` (`type_id`, `type_name`, `type_origin`) VALUES
(1, 'System Unit', 'Non-Consumable'),
(2, 'Monitor', 'Non-Consumable'),
(3, 'Mouse', 'Non-Consumable'),
(4, 'Keyboard', 'Non-Consumable'),
(5, 'UPS', 'Non-Consumable'),
(6, 'LAN Adapter', 'Non-Consumable'),
(7, 'Laptop', 'Non-Consumable'),
(8, 'Security Cable Lock', 'Non-Consumable'),
(9, 'Speaker', 'Non-Consumable'),
(10, 'Switch', 'Non-Consumable'),
(11, 'Fingerprint Scanner', 'Non-Consumable'),
(12, 'Printer', 'Non-Consumable'),
(13, 'All in One Unit', 'Non-Consumable'),
(14, 'Laptop Pouch', 'Non-Consumable'),
(15, 'AC Adapter', 'Non-Consumable'),
(16, 'Barcode Scanner', 'Non-Consumable'),
(17, 'Camera', 'Non-Consumable'),
(18, 'HDD', 'Non-Consumable'),
(19, 'Modem', 'Non-Consumable'),
(20, 'Projector', 'Non-Consumable'),
(21, 'Router', 'Non-Consumable'),
(22, 'SDD', 'Non-Consumable'),
(23, 'VGA Splitter', 'Non-Consumable'),
(24, 'Webcam', 'Non-Consumable'),
(25, 'Security Camera', 'Non-Consumable'),
(26, 'Signature Pad', 'Non-Consumable'),
(27, 'Server', 'Non-Consumable'),
(28, 'NAS', 'Non-Consumable'),
(29, 'Satellite Dish', 'Non-Consumable'),
(30, 'Group', 'Non-Consumable'),
(31, 'Microphone', 'Non-Consumable'),
(32, 'Image Scanner', 'Non-Consumable'),
(33, 'HDMI Splitter', 'Non-Consumable'),
(34, 'Network Cable Tester', 'Non-Consumable'),
(35, 'DRONE', 'Non-Consumable'),
(36, 'DRONE RC', 'Non-Consumable'),
(37, 'Rack Mount', 'Non-Consumable'),
(38, 'Cleaning supplies', 'Consumable');

-- --------------------------------------------------------

--
-- Table structure for table `tbl_user`
--

CREATE TABLE `tbl_user` (
  `user_id` int(11) NOT NULL,
  `username` varchar(255) NOT NULL,
  `user_password` varchar(255) NOT NULL,
  `user_ln` varchar(255) NOT NULL,
  `user_mi` varchar(255) NOT NULL,
  `user_fn` varchar(255) NOT NULL,
  `user_status` int(11) NOT NULL,
  `user_level` varchar(255) NOT NULL,
  `user_date_created` varchar(255) NOT NULL
) ENGINE=InnoDB DEFAULT CHARSET=utf8mb4 COLLATE=utf8mb4_general_ci;

--
-- Dumping data for table `tbl_user`
--

INSERT INTO `tbl_user` (`user_id`, `username`, `user_password`, `user_ln`, `user_mi`, `user_fn`, `user_status`, `user_level`, `user_date_created`) VALUES
(1, 'Admin', '$2y$10$AQyHxe9lfuYmN0SuJk0ja.mb7TYoBODNXKZbvGr/4c3dHsNJy3XZ.', 'CAR', '-', 'PRC', 1, 'Admin', '2025-03-21 03:52:55'),
(2, 'rodulfo', '$2y$10$rYPHyPS346U8nM3wmVsoU.9neq7r7TVgWNJJ79DDr6EE87WCDRpfq', 'Dacocot', 'g', 'Rodulfo', 1, 'Admin', '2025-07-04 02:41:56');

--
-- Indexes for dumped tables
--

--
-- Indexes for table `tbl_auditlog`
--
ALTER TABLE `tbl_auditlog`
  ADD PRIMARY KEY (`auditlog_id`);

--
-- Indexes for table `tbl_borrow_request`
--
ALTER TABLE `tbl_borrow_request`
  ADD PRIMARY KEY (`breq_id`);

--
-- Indexes for table `tbl_borrow_request_items`
--
ALTER TABLE `tbl_borrow_request_items`
  ADD PRIMARY KEY (`br_item_id`);

--
-- Indexes for table `tbl_consumable_requests`
--
ALTER TABLE `tbl_consumable_requests`
  ADD PRIMARY KEY (`request_id`),
  ADD KEY `item_type_id` (`item_type_id`),
  ADD KEY `user_id` (`user_id`);

--
-- Indexes for table `tbl_consumed_items`
--
ALTER TABLE `tbl_consumed_items`
  ADD PRIMARY KEY (`id`);

--
-- Indexes for table `tbl_inv`
--
ALTER TABLE `tbl_inv`
  ADD PRIMARY KEY (`inv_id`);

--
-- Indexes for table `tbl_inv_consumables`
--
ALTER TABLE `tbl_inv_consumables`
  ADD PRIMARY KEY (`inv_id`);

--
-- Indexes for table `tbl_type`
--
ALTER TABLE `tbl_type`
  ADD PRIMARY KEY (`type_id`);

--
-- Indexes for table `tbl_user`
--
ALTER TABLE `tbl_user`
  ADD PRIMARY KEY (`user_id`);

--
-- AUTO_INCREMENT for dumped tables
--

--
-- AUTO_INCREMENT for table `tbl_auditlog`
--
ALTER TABLE `tbl_auditlog`
  MODIFY `auditlog_id` int(25) NOT NULL AUTO_INCREMENT, AUTO_INCREMENT=1238;

--
-- AUTO_INCREMENT for table `tbl_borrow_request`
--
ALTER TABLE `tbl_borrow_request`
  MODIFY `breq_id` int(11) NOT NULL AUTO_INCREMENT, AUTO_INCREMENT=11;

--
-- AUTO_INCREMENT for table `tbl_borrow_request_items`
--
ALTER TABLE `tbl_borrow_request_items`
  MODIFY `br_item_id` int(11) NOT NULL AUTO_INCREMENT, AUTO_INCREMENT=9;

--
-- AUTO_INCREMENT for table `tbl_consumable_requests`
--
ALTER TABLE `tbl_consumable_requests`
  MODIFY `request_id` int(11) NOT NULL AUTO_INCREMENT;

--
-- AUTO_INCREMENT for table `tbl_consumed_items`
--
ALTER TABLE `tbl_consumed_items`
  MODIFY `id` int(11) NOT NULL AUTO_INCREMENT, AUTO_INCREMENT=3;

--
-- AUTO_INCREMENT for table `tbl_inv`
--
ALTER TABLE `tbl_inv`
  MODIFY `inv_id` int(11) NOT NULL AUTO_INCREMENT, AUTO_INCREMENT=994;

--
-- AUTO_INCREMENT for table `tbl_inv_consumables`
--
ALTER TABLE `tbl_inv_consumables`
  MODIFY `inv_id` int(11) NOT NULL AUTO_INCREMENT, AUTO_INCREMENT=239;

--
-- AUTO_INCREMENT for table `tbl_type`
--
ALTER TABLE `tbl_type`
  MODIFY `type_id` int(3) NOT NULL AUTO_INCREMENT, AUTO_INCREMENT=39;

--
-- AUTO_INCREMENT for table `tbl_user`
--
ALTER TABLE `tbl_user`
  MODIFY `user_id` int(11) NOT NULL AUTO_INCREMENT, AUTO_INCREMENT=3;
COMMIT;

/*!40101 SET CHARACTER_SET_CLIENT=@OLD_CHARACTER_SET_CLIENT */;
/*!40101 SET CHARACTER_SET_RESULTS=@OLD_CHARACTER_SET_RESULTS */;
/*!40101 SET COLLATION_CONNECTION=@OLD_COLLATION_CONNECTION */;
